r2,rmse,mae,hit_rate,ic,rank_ic,trade_date,count
-8691.58541288272,0.8925736947207014,0.5963993062303627,0.445859872611465,0.08115899022836906,-0.11228084279483004,2025-06-03,471
-6730.170369639944,0.7335445351000869,0.4467084898996129,0.474468085106383,0.10849286325756849,-0.020492604061950716,2025-06-04,470
-5070.666496853568,0.6796327206091757,0.41232775930492366,0.4723404255319149,-0.17131038289603084,-0.10005868668390187,2025-06-05,470
-4808.313310647086,0.7261372370800573,0.43429277511367637,0.5859872611464968,-0.06810046047077338,0.17107664673684597,2025-06-06,471
-12440.272400295758,0.9136678893640698,0.5982207063888221,0.47146401985111663,-0.01827228785258333,-0.04641522261185046,2025-06-09,403
-11100.040786739875,0.798230002653637,0.49265608712690473,0.3920595533498759,-0.04584736083363618,-0.2937080438164923,2025-06-10,403
-14990.25644453081,0.9172296779889815,0.5994441825102578,0.39148936170212767,-0.028488088089931272,-0.23349122777108208,2025-06-11,470
-8296.975112943628,0.8088360999228653,0.513434609990569,0.4562899786780384,0.10440019081428004,-0.04018171941322149,2025-06-12,469
-11238.766739296098,0.8459558443811105,0.5326643285058609,0.3411513859275053,-0.09063280239890321,-0.3254139636165677,2025-06-13,469
-12755.411907378915,0.905614222258752,0.5731111492638592,0.40384615384615385,-0.03845023723981728,-0.14545305334400543,2025-06-16,468
-10442.85735944991,0.9527571949992157,0.6116783084098244,0.31196581196581197,-0.06203273590699542,-0.33740280408438544,2025-06-17,468
-3761.381013631479,0.5521567893507305,0.3721219346489165,0.5138592750533049,0.004295233703015302,0.0008257752621042557,2025-06-18,469
-4639.844610618179,0.730057549015854,0.546141722169036,0.47761194029850745,0.09023938194399024,0.15407321587061193,2025-06-19,469
-12038.781286251526,0.810794593811753,0.6084636653950742,0.5384615384615384,0.08504109622711739,0.1364902901545172,2025-06-20,468
-7663.32848463185,0.8132681844618783,0.6093492919951234,0.4423076923076923,-0.19774641251003236,-0.30627974090532817,2025-06-23,468
-11880.067237769304,0.790761681014509,0.5969817584347761,0.47863247863247865,-0.16834605524971807,-0.1924660295014093,2025-06-24,468
-6224.503078541808,0.7911005348157034,0.6002697765824143,0.5363247863247863,-0.08742304770165348,0.023617704591848858,2025-06-25,468
-9279.790152985797,0.7931321286384453,0.5955065238886246,0.4829059829059829,-0.042516523078134416,0.048980220669951884,2025-06-26,468
-6341.238603652884,0.8413479187541667,0.5928114560400212,0.5213675213675214,0.013666397639852846,0.07451845883882702,2025-06-27,468
-14769.417708920066,0.976291478540526,0.6270813179970508,0.39828693790149894,-0.20648524374787283,-0.2685345490852287,2025-06-30,467
-7109.058201188414,0.9533988382570586,0.6033826819942697,0.44325481798715205,-0.09140577548954405,-0.06185543081169443,2025-07-01,467
-12786.169624203298,0.9152177015210874,0.6063714920759974,0.38626609442060084,-0.19317845680638235,-0.3161719596067878,2025-07-02,466
-2337.839080608611,0.53608663278449,0.3675942859817407,0.49141630901287553,-0.050011182880593925,0.04995883658584091,2025-07-03,466
-9571.898351113547,0.8796551403958612,0.6875117750894786,0.48068669527896996,-0.08958963008830666,-0.1650803805711057,2025-07-04,466
-9274.016469675194,0.8492450994160002,0.6347687794315577,0.5427350427350427,0.09270069701233265,0.10934105152520569,2025-07-07,468
-6478.964148721611,0.8621877700687375,0.6783791733525927,0.5064377682403434,0.12352334276536048,0.08600405378844228,2025-07-08,466
-7596.999439083778,0.7686358173675499,0.6006282516673551,0.4721030042918455,-0.08793713068202791,-0.09373417832222251,2025-07-09,466
-3165.0675460701927,0.5193629217285816,0.4052460113597838,0.5214592274678111,-0.08178018758240164,-0.03738930569460333,2025-07-10,466
-3202.7838605047828,0.5165707607648742,0.3716602398963433,0.48504273504273504,0.009052834370097781,-0.034846943249257155,2025-07-11,468
-4296.647090997999,0.5846261926618121,0.3793529266985175,0.5192307692307693,-0.09255385897007704,-0.14139786513464161,2025-07-14,468
-4140.436809456396,0.6009071231421902,0.3902967499208248,0.5579399141630901,0.10387318943577488,0.09659252311124852,2025-07-15,466
-3449.3202772296454,0.6220717572302842,0.3951459893173688,0.555793991416309,0.0023389466150227534,0.09570017974344978,2025-07-16,466
-2721.335963378185,0.5590445723792623,0.35476977927431946,0.47639484978540775,-0.08837464931370288,-0.13151724164510167,2025-07-17,466
-4118.011521037616,0.5535369006226327,0.34782162972012876,0.5336658354114713,0.0828560855113349,0.1394863587300406,2025-07-18,401
-2706.960916891901,0.5062917178815881,0.34261104037141843,0.5062344139650873,0.019018804454819297,0.08838686864927235,2025-07-21,401
-1813.7970003173243,0.56260168177511,0.3659622824471683,0.5818965517241379,0.045097598676424544,0.12402741707248513,2025-07-22,464
-2737.508896449481,0.5357511014206658,0.3482281756063075,0.4731182795698925,-0.009164429026871508,-0.007173564332329198,2025-07-23,465
-2682.2274955481644,0.5224439242376545,0.3573796683111086,0.5086206896551724,0.011820074558210547,-0.03665027376230368,2025-07-24,464
-2444.297896568709,0.5296250117576774,0.36184170390850245,0.45788336933045354,0.12144096859348849,-0.05209301572040828,2025-07-25,463
-4432.136616646289,0.5372059289448388,0.36811782309378305,0.43412526997840173,-0.19878435708984935,-0.07083215250527382,2025-07-28,463
-1972.3994532505849,0.5270052177143199,0.39672301669778803,0.48156182212581344,-0.15749688464052966,-0.1120094655886413,2025-07-29,461
-5137.594610555535,0.7890487455109328,0.6117017412876465,0.5075921908893709,0.016198728531656627,0.049844873602300756,2025-07-30,461
-4571.348095718635,0.6554471825157044,0.5078041904397524,0.45098039215686275,-0.08062926502528275,-0.10506135749660916,2025-07-31,459
-2316.7769897190788,0.480637895549375,0.36364485202708385,0.55119825708061,0.06302291926731245,0.11165265042793268,2025-08-01,459
-1193.4997888034948,0.4940131536542226,0.37962086015794866,0.5369565217391304,0.016746983957673607,-0.05768154160340612,2025-08-04,460
-1718.6288196750966,0.5062595242091237,0.38251990601043245,0.5381263616557734,-0.0033112935824672176,0.005501016937374277,2025-08-05,459
-1674.6116720990603,0.5614391902943207,0.4372521163207886,0.5327510917030568,0.042430478550341176,0.05173480563747895,2025-08-06,458
-4352.594669332029,0.8971632007706851,0.6865858385513491,0.5043859649122807,-0.033224561821607046,-0.08336246271291764,2025-08-07,456
-4760.991110734398,0.9099563353084036,0.7121510376259342,0.5,0.105858750252389,0.1387351563557944,2025-08-08,456
-5524.728286851701,0.8532523215620019,0.6368418072841321,0.5616740088105727,0.17620182926610078,0.21585056714735504,2025-08-11,454
-5507.447804311743,0.8636186416953439,0.6406074608572623,0.45594713656387664,-0.06516634078089918,-0.1266463559488036,2025-08-12,454
-4248.067571356458,0.9246268430574552,0.6938309066275752,0.5,0.016750934587259615,-0.016773758601390205,2025-08-13,452
-7325.465585898976,0.860126358794864,0.6437522973168353,0.4789356984478936,-0.0727429954361259,-0.21901693385397242,2025-08-14,451
-3593.9401224995827,0.843109515458476,0.6238943870035825,0.5244444444444445,0.13895081104744794,0.11219709726961616,2025-08-15,450
-4584.331372367378,0.8517224824025387,0.6254724831124688,0.546875,0.20674235335937674,0.14644092977469905,2025-08-18,448
-3682.1355687734263,0.8609484785276174,0.6426011446218522,0.5535714285714286,0.09002008953348725,0.05370061733008474,2025-08-19,448
-5459.440547005094,0.8716543526931365,0.6240488112268727,0.449438202247191,-0.04864209818216244,-0.08064449797709232,2025-08-20,445
-4470.840809145157,0.868197347573503,0.6247790573911234,0.4797297297297297,-0.010811215482570986,-0.04504321705731906,2025-08-21,444
-5660.896432242382,0.8570163559131686,0.6204775900906256,0.49213483146067416,0.03661886399747978,-0.06828889654505617,2025-08-22,445
-4604.0527497752855,0.8760638433669606,0.5516260221955234,0.5237020316027088,-0.009611328643190909,0.026819568513898624,2025-08-25,443
-6431.34954542466,0.8771675164366547,0.6606958989132039,0.5239179954441914,0.06247661391119749,0.0029773032222559477,2025-08-26,439
-4166.372728388019,0.8340600443167703,0.6103366276422416,0.4360730593607306,-0.007617603977358995,-0.0999979363833397,2025-08-27,438
-4413.833813486518,0.856226571982515,0.6256714084432361,0.5079726651480638,0.039834033149795334,-0.08524567609505357,2025-08-28,439
-6374.09588417683,0.8677906449090553,0.6231987560224058,0.4931506849315068,-0.030120246289415745,-0.061692355599852304,2025-08-29,438
-3970.6805254703277,0.9286422164622141,0.7071293170136266,0.5844748858447488,0.03062545943850696,0.13178263133117052,2025-09-01,438
-2838.7329495223603,0.8492273609931896,0.6403577376264645,0.4520547945205479,-0.07678349801026835,-0.12313714860589126,2025-09-02,438
-3683.9092292259947,0.6169325727364443,0.4740249091765028,0.5057471264367817,-0.06941158286691121,-0.0332845436242687,2025-09-03,435
-1621.4514436938668,0.714141018480382,0.5379284030131527,0.43548387096774194,-0.17155658330097653,-0.2260116724877416,2025-09-04,434
-4366.096162350373,0.8835441143829994,0.5795165410639649,0.4400921658986175,-0.2945603258040933,-0.35321705373726214,2025-09-05,434
-3018.9254562764413,0.8734921286198458,0.6644680265786193,0.43448275862068964,-0.12063038258603029,-0.17332247713711316,2025-09-08,435
-6120.863145076206,0.903107951737004,0.659344451939476,0.44930875576036866,-0.029264560487997825,0.028856359700227784,2025-09-09,434
-6585.71313314531,0.8711682006182164,0.653849918587994,0.48847926267281105,0.12096769060052959,0.18304109298465357,2025-09-10,434
-4269.05223046979,0.9905989181435934,0.6089773231112534,0.3922018348623853,-0.3100086173494241,-0.40184963047206484,2025-09-11,436
-3195.244363156307,0.775658889823598,0.5852800926960147,0.5150115473441108,0.07322478349311806,0.0717887977163102,2025-09-12,433
-4300.992419381066,0.9219585551350221,0.7140317129090555,0.5069444444444444,0.01916338778924343,-0.055647690203720276,2025-09-15,432
-2519.8040270758243,0.6865778076566473,0.5141279520338607,0.580046403712297,0.04849992398076188,0.16756191658123348,2025-09-16,431
-5155.116926185386,0.8905779466357968,0.6714070931733783,0.5058275058275058,-0.03127473104505326,-0.03505303650924168,2025-09-17,429
-3828.6324047540884,0.8240737402321495,0.6015762578123155,0.46261682242990654,-0.12055175063844907,-0.23482278407971685,2025-09-18,428
-5067.462187158754,0.8332052358584338,0.605983555611136,0.49882903981264637,0.018347273598377466,-0.03647917842584848,2025-09-19,427
-5637.1957840546675,0.957602124746547,0.744140931424027,0.5516431924882629,0.13426167591430338,0.14438608507360462,2025-09-22,426
-5221.5590831232485,0.9049888873592157,0.7007360760075816,0.48470588235294115,-0.009605768090679812,-0.0069790999046442925,2025-09-23,425
-3758.927823187247,0.8711990628397553,0.6434179970963059,0.541371158392435,0.1656450043324443,0.1837333198884071,2025-09-24,423
-5613.4145930797995,0.8969313269747082,0.5864500604030696,0.46318289786223277,-0.02168061573683903,-0.08643089526339742,2025-09-25,421
-6967.605542676353,0.8681247696402807,0.6436442972827071,0.46539379474940334,0.002483687015796198,0.023818550498615816,2025-09-26,419
-4343.388162214034,0.8871582600680233,0.67003387973397,0.5083932853717026,0.1785706855459959,0.1275515472789233,2025-09-29,417
-6877.719314950349,0.8752652204061946,0.6299604155701846,0.5251798561151079,0.07675715648291784,0.08895993253244296,2025-09-30,417
-6174.023320760687,0.8931426257646782,0.632627211797495,0.4819277108433735,-0.06061131233692725,-0.06503841452767592,2025-10-09,415
-7670.2169037076565,1.0203962204754728,0.6263404970473325,0.45012165450121655,-0.01915642320387751,-0.09892680161299522,2025-10-10,411
-9453.536953390982,0.9281303467058547,0.6433444269620576,0.5461165048543689,0.04438328366283571,0.1243236991799539,2025-10-13,412
-1515.3572273729776,0.6787576462322239,0.42290133816538283,0.35194174757281554,-0.20580214062499058,-0.343462752857275,2025-10-14,412
-2502.892892582717,0.5633178199023635,0.3599631046377344,0.45121951219512196,-0.16735136610259296,-0.20181896295432178,2025-10-15,410
-1959.14292121737,0.5362113378099282,0.3780560529677362,0.4938875305623472,0.1105360152137264,0.1571081793084578,2025-10-16,409
-2756.232790236346,0.5728502957788414,0.3616223713304728,0.5916870415647921,0.182677345716308,0.3553880935760314,2025-10-17,409
-1849.7735543194276,0.49975468310141735,0.36522298484645155,0.5245098039215687,0.04992810466844216,0.14749523918228075,2025-10-20,408
-2108.192340651499,0.4989980309212097,0.35945944858784856,0.4534313725490196,-0.16833479685011635,-0.20531607271144164,2025-10-21,408
-3637.3920328479894,0.5093790182461815,0.3473179918747323,0.5147058823529411,0.08266504130209701,0.1404920931024771,2025-10-22,408
-4055.467152575395,0.6050091466474709,0.378922637484954,0.4226044226044226,-0.12721681286398132,-0.17969722837876997,2025-10-23,407
-1630.0168355940905,0.5842381900145921,0.3692369108750952,0.43734643734643736,-0.10385213938290058,-0.07123829791172591,2025-10-24,407
-2315.793974887032,0.5663013858950263,0.35756736083808166,0.5308641975308642,0.053938151175867984,0.08299471983323128,2025-10-27,405
-3335.341238345495,0.5086637974030351,0.3404877120461563,0.5123762376237624,0.05371644240160722,0.14705149588573416,2025-10-28,404
-2839.340980838614,0.5458497995579543,0.42127539214919624,0.5173267326732673,0.08031423140340736,0.04589233116860073,2025-10-29,404
-1756.3628445588345,0.5220271637073196,0.40522730021204345,0.5037406483790524,0.0533108254002283,0.03424554285926974,2025-10-30,401
-5636.47409781915,0.805463356953243,0.6069081752495583,0.4763092269326683,0.019901386989338105,-0.02051903822533219,2025-10-31,401
-6501.813178498334,0.6691649474529987,0.47793132713713643,0.5261845386533666,0.09671121908744752,0.09054974504038414,2025-11-03,401
-11110.714199483604,0.9930464977999115,0.6358245438674248,0.385,-0.193120251423011,-0.3402715016968855,2025-11-04,400
-2342.3314292531486,0.6117888238549044,0.3980510347295196,0.4339152119700748,-0.10895851257918378,-0.2096233297353631,2025-11-05,401
-2235.6752402644,0.6015036065812914,0.4648526235532131,0.5062344139650873,0.005020120919105271,-0.014639334499571968,2025-11-06,401
-3730.9731840155437,0.5726946456319818,0.4155143939702341,0.5174129353233831,0.021255206382986586,0.015099745543736673,2025-11-07,402
-2096.597134012822,0.5230611597765128,0.3960840917373511,0.5373134328358209,0.03332587016440407,0.02078236503847969,2025-11-10,402
-7533.749599166013,0.8565749539837454,0.568342095939079,0.5,-0.06364170680754823,0.03745598409990063,2025-11-11,400
-7847.983994253482,0.7595309998219412,0.5008875298960193,0.55,-0.05210630969508426,0.038953555959724745,2025-11-12,400
-7870.778199884484,0.803131280298075,0.5498366202075756,0.3525,-0.2470121953370153,-0.2989222432640204,2025-11-13,400
-7356.228712449732,0.7976782752177345,0.5189917113262171,0.5875,0.18122274062231167,0.2929520184501153,2025-11-14,400
-1725.4616178615922,0.5502430595687072,0.34124134152850366,0.51,-0.1958649892751373,-0.020335064594153716,2025-11-17,400
-8817.224704450507,0.9701990564447207,0.5936053496666581,0.40954773869346733,-0.2898236578958662,-0.35839840097439907,2025-11-18,398
-15661.75797773571,0.9316871655902406,0.6077059520958515,0.4396984924623116,-0.049840592610448924,-0.16258495561080338,2025-11-19,398
-3969.7420841488106,0.534023370872064,0.34234779764875595,0.44472361809045224,-0.23253003428012406,-0.31291254857648404,2025-11-20,398
-11356.038835917587,0.8716504724512293,0.6325584145944426,0.5717884130982368,0.19779621234457898,0.2751801907023861,2025-11-21,397
-4192.482710928903,0.911091653367925,0.6373270931833159,0.36272040302267,-0.21708660768363067,-0.3857529000624833,2025-11-24,397
-3660.7224013820687,0.5454231752108457,0.36172752201706004,0.5491183879093199,0.08695613218670097,0.24066385664679402,2025-11-25,397
-5349.576796528857,0.6599481020148773,0.49163962029029556,0.46851385390428213,0.0048467014101403975,0.012642788018406667,2025-11-26,397
-2924.3782927451825,0.5259542921752901,0.36281690723450916,0.5353535353535354,0.27390980681189253,0.3937308872933654,2025-11-27,396
-3358.042856385704,0.6294046520585397,0.4159462421953741,0.3756345177664975,-0.3118199427801526,-0.3288568060966679,2025-11-28,394
-5343.966662543973,0.7280699660579131,0.4849649033612029,0.5304568527918782,0.04440826166726207,0.0915603802912859,2025-12-01,394
-8623.938348970409,0.7712626404587644,0.5095359266135683,0.5240506329113924,0.02801695068417411,0.08354255138936756,2025-12-02,395
-6327.562651667728,0.5741081863747607,0.38686806720830813,0.5443037974683544,0.021271802804677425,0.04389665465293559,2025-12-03,395
-2653.0279970921706,0.4781718824999615,0.36847617065527744,0.4481012658227848,-0.1183072551767345,-0.1427028753122694,2025-12-04,395
-1990.1000298984568,0.4800522223289206,0.3675080329341923,0.4506329113924051,-0.17430900184666528,-0.24944964650034368,2025-12-05,395
-2053.9324987330715,0.47066799956203026,0.35485636038896573,0.46835443037974683,-0.053979452180291224,-0.07781782354808121,2025-12-08,395
-2094.529828193444,0.4754084274998268,0.3581102898285699,0.5178571428571429,0.16764912300898605,0.219812385624678,2025-12-09,392
-2735.7838945443486,0.47093714186324126,0.3548203463802574,0.455012853470437,0.008503746585859066,-0.09833383958950441,2025-12-10,389
-3082.1468455987624,0.47686361741436845,0.3579712799907395,0.4987146529562982,-0.006164015303232216,0.08210340265305416,2025-12-11,389
-1339.4433733011533,0.48216907232716993,0.3660240976858171,0.38402061855670105,-0.1709288011465802,-0.22384370640138365,2025-12-12,388
-3422.8624100764537,0.47585428579335776,0.35943694957666206,0.5128865979381443,0.04961856699410125,0.06695350460200054,2025-12-15,388
-3573.5032722802925,0.48601520147840466,0.366829826127779,0.4935400516795866,-0.015739063732048225,0.018681089801321653,2025-12-16,387
-2624.2357053898386,0.48537180351349857,0.36986898497809273,0.4713541666666667,-0.13619601320151734,-0.17244604286053372,2025-12-17,384
-2240.3388501139116,0.4781771900410422,0.3611331496862227,0.5833333333333334,0.021179697944370024,0.15059255366043878,2025-12-18,384
-2049.7581732478116,0.47590126058435794,0.35582957399492404,0.5130890052356021,0.037020155101220954,-0.002218519248461132,2025-12-19,382
-1402.6667573255174,0.49087893241182556,0.35494657413161146,0.46981627296587924,-0.0575728602564689,-0.13616405899111053,2025-12-22,381
-914.417077797877,0.4846192863384125,0.35108536259410494,0.5303430079155673,0.05829031577349388,0.12034726217478611,2025-12-23,379
-1252.6941269840677,0.49243187532860405,0.3667337229246815,0.43535620052770446,0.02274187502481578,-0.15514115103061082,2025-12-24,379
-1356.1254056737016,0.48707914959221044,0.36363786111945384,0.49340369393139843,-0.03874413525400222,-0.09922166894809584,2025-12-25,379
-1524.0467129730227,0.4878547229030914,0.35962806539935305,0.49473684210526314,-0.0007153621782122454,0.09103941163027444,2025-12-26,380
-2476.7224216855407,0.48817005737216873,0.3651892862239041,0.5171503957783641,0.08199465128820983,0.09606139358951468,2025-12-29,379
-2106.1293246808495,0.6620361413513691,0.4290307667295736,0.45646437994722955,0.05364504359769746,0.0011107363836151505,2025-12-30,379
-3784.730392303439,0.6432713965040648,0.41522148534664716,0.40897097625329815,-0.04336995711343228,-0.07166509060690424,2025-12-31,379
-4602.505885406611,0.7440540669137601,0.47639763960416787,0.37270341207349084,-0.1332241641108097,-0.05500441543732356,2026-01-05,381
-6063.026695422222,0.9763447865920187,0.6597588721161068,0.44881889763779526,-0.056529467974088345,0.00630441999379452,2026-01-06,381
-2626.030118986897,0.6852483803657957,0.42565253168333306,0.5526315789473685,0.031106654250800548,0.11230614295696027,2026-01-07,380
-4037.639901196349,0.9258138041036098,0.6072789772717769,0.5,-0.08940677560578084,-0.026207208753814815,2026-01-08,380
-3538.6628340592233,0.9535678341703939,0.6343454025036882,0.5657894736842105,0.0596591653969177,0.009875487547114519,2026-01-09,380
-3042.704364210348,0.8498163652719458,0.546899779811888,0.6578947368421053,0.11986344881155715,0.1321023873543373,2026-01-12,380
-3357.7215629348275,0.7629904825345345,0.4975282957648963,0.3403693931398417,-0.0960156632086473,-0.24228513235595583,2026-01-13,379
-4914.836421165393,0.9372829165913522,0.6510913959484301,0.4021164021164021,-0.09036603618448866,-0.2511111044456509,2026-01-14,378
-2200.343237822346,0.9463944398782637,0.6503209355195244,0.42480211081794195,-0.04991632757115285,-0.16199403521997605,2026-01-15,379
-1009.3646448065799,0.5631985473015655,0.38683398709877,0.5370370370370371,0.06272496074471232,0.04489487402780097,2026-01-16,378
-1431.3156813068845,0.5605910905925193,0.38583306981281446,0.5343915343915344,0.011878893709580517,0.06546648389974748,2026-01-19,378
-1644.5336497227913,0.6951899539337879,0.45319034277199216,0.3978779840848806,-0.05939159504681917,-0.16882939755280182,2026-01-20,377
-5015.077314458376,0.9002901693944473,0.6366507289684815,0.5755968169761273,0.08777977818652556,0.04627755875004592,2026-01-21,377
-5840.665474808577,0.9825268399541164,0.7108968127226535,0.493368700265252,-0.0587303841123769,-0.00866436082870419,2026-01-22,377
-1587.097333694369,0.5228190900990134,0.347482139312972,0.4986737400530504,-0.07243911386752694,-0.06010138878810926,2026-01-23,377
-1262.965423296514,0.5583911773761712,0.36108469222482437,0.5427807486631016,0.24729134082697862,0.23434686241057479,2026-01-26,374
-1390.429597215404,0.6159679589946485,0.39433582261116884,0.45187165775401067,-0.23893027913698187,-0.2503016730942926,2026-01-27,374
-1675.7117019113882,0.7142714342763601,0.4570255415459987,0.5133689839572193,-0.009550264405732891,0.00241739903370561,2026-01-28,374
-1176.8617157468925,0.5745630538660503,0.39844914353665356,0.5053475935828877,0.3122776122687718,0.30006841478975216,2026-01-29,374
-947.7124286653984,0.5720215935568027,0.42154025944904794,0.5026737967914439,0.15432053607989746,0.12368648478158019,2026-01-30,374
-968.7138496765469,0.5368092582691101,0.4079548447246428,0.5345744680851063,0.20907246388842382,0.28120187369490374,2026-02-02,376
-1124.088788018827,0.5044143202462463,0.38753729487318134,0.48257372654155495,-0.04270408199939669,-0.13191278099377463,2026-02-03,373
-1924.9711810518536,0.6977507739134177,0.5392364822506789,0.5415549597855228,0.09233511040077916,0.0793689626833885,2026-02-04,373
-1711.72440167829,0.5929211512167318,0.4678858082627767,0.514745308310992,-0.048355013638813456,-0.059312596281426884,2026-02-05,373
-2202.782624684105,0.6218963379225951,0.48313211660252214,0.4745308310991957,0.017289617652434527,-0.02851965123866879,2026-02-06,373
-1445.816436260553,0.6559064146139741,0.509626059946676,0.4584450402144772,-0.1667749379598054,-0.15702861931451093,2026-02-09,373
-4549.190021780029,0.9351668376457374,0.7160782753333887,0.4716981132075472,-0.019456543677359436,-0.041089963974930505,2026-02-10,371
-3370.081777928641,0.7804714301119756,0.5991335910008969,0.527027027027027,-0.013531794231309397,0.06657237738691948,2026-02-11,370
-1759.0311881107843,0.6605445249635044,0.5160435825578814,0.45135135135135135,0.01691621160035658,-0.1136326781057568,2026-02-12,370
-7183.299675949233,0.9488414900156611,0.7208447017037631,0.5351351351351351,-0.09149495780124656,-0.08402868715800146,2026-02-13,370
