trade_date,code,score
2026-01-16,110067.SH,0.5710257182365425
2026-01-16,110070.SH,0.6431950281268184
2026-01-16,110073.SH,0.44397854697587835
2026-01-16,110074.SH,-1.929454219313476
2026-01-16,110075.SH,0.46930759107342035
2026-01-16,110076.SH,-0.3637225069249137
2026-01-16,110077.SH,0.8648730598352906
2026-01-16,110081.SH,0.35413250953348785
2026-01-16,110084.SH,0.4987108655950252
2026-01-16,110085.SH,-1.6185135954313081
2026-01-16,110086.SH,0.4460183057059114
2026-01-16,110087.SH,0.17495115390000832
2026-01-16,110089.SH,1.0444959303780088
2026-01-16,110090.SH,0.4605566405495214
2026-01-16,110092.SH,0.4722837332706469
2026-01-16,110093.SH,0.5849881504033663
2026-01-16,110094.SH,0.7611857750899802
2026-01-16,110095.SH,0.6818309021384813
2026-01-16,110097.SH,0.5787863087795444
2026-01-16,110098.SH,0.46346209440022823
2026-01-16,110099.SH,-0.18711737683040433
2026-01-16,111000.SH,0.5912776926182468
2026-01-16,111001.SH,-1.1219720123806047
2026-01-16,111002.SH,0.46556174456367705
2026-01-16,111003.SH,-0.016360516293154853
2026-01-16,111004.SH,0.3149284701018087
2026-01-16,111005.SH,0.5517865792097596
2026-01-16,111009.SH,0.08559879974538426
2026-01-16,111010.SH,0.3693988774506216
2026-01-16,111012.SH,0.7520489584227352
2026-01-16,111013.SH,0.3899328438454418
2026-01-16,111014.SH,-1.1046616407834777
2026-01-16,111015.SH,0.419888263718135
2026-01-16,111016.SH,1.012904803801014
2026-01-16,111017.SH,0.3537351317538511
2026-01-16,111018.SH,0.47382738500776533
2026-01-16,111019.SH,0.6583314470204532
2026-01-16,111020.SH,0.1535080486075522
2026-01-16,111021.SH,0.4387853220404829
2026-01-16,111022.SH,-0.1682904017593982
2026-01-16,111023.SH,-1.0269884541345515
2026-01-16,113033.SH,0.9265548181315737
2026-01-16,113037.SH,0.03165673135012003
2026-01-16,113039.SH,0.405805267862918
2026-01-16,113042.SH,0.6871561206937902
2026-01-16,113043.SH,0.48183285303581397
2026-01-16,113045.SH,1.0933200210265708
2026-01-16,113046.SH,0.4189619345138392
2026-01-16,113048.SH,0.2127285635401149
2026-01-16,113049.SH,-1.5733308897815104
2026-01-16,113051.SH,0.28204520751373646
2026-01-16,113052.SH,0.4160222437078133
2026-01-16,113053.SH,0.5062425528012965
2026-01-16,113054.SH,0.30812950048220744
2026-01-16,113056.SH,0.7025397609083415
2026-01-16,113058.SH,0.7196081921009047
2026-01-16,113059.SH,-1.1748793681722276
2026-01-16,113062.SH,0.8520606303518579
2026-01-16,113066.SH,0.4992087045213933
2026-01-16,113067.SH,0.08958408104352893
2026-01-16,113069.SH,1.1033722762289309
2026-01-16,113070.SH,0.20987992351554532
2026-01-16,113574.SH,0.843466384429632
2026-01-16,113575.SH,-2.974306788581165
2026-01-16,113579.SH,-3.1736073271033387
2026-01-16,113584.SH,0.6931164119317343
2026-01-16,113588.SH,0.4224407493476049
2026-01-16,113589.SH,-4.2835426582108145
2026-01-16,113593.SH,1.0861251183841243
2026-01-16,113597.SH,0.2791482655761861
2026-01-16,113601.SH,0.6489217891708159
2026-01-16,113605.SH,0.6169414228966489
2026-01-16,113610.SH,-0.7754941088738028
2026-01-16,113615.SH,0.43120294112946866
2026-01-16,113616.SH,0.2343743381333093
2026-01-16,113618.SH,-0.4828846385601417
2026-01-16,113623.SH,1.0149930118258812
2026-01-16,113624.SH,0.28166760048738126
2026-01-16,113625.SH,-0.42938074359033945
2026-01-16,113627.SH,0.08914048754936321
2026-01-16,113631.SH,0.7785936839989984
2026-01-16,113632.SH,0.5375117901125024
2026-01-16,113633.SH,-0.46885004524552376
2026-01-16,113634.SH,0.15615041243646519
2026-01-16,113636.SH,-0.7050539068738033
2026-01-16,113638.SH,-1.725118191255867
2026-01-16,113639.SH,0.7457797147895583
2026-01-16,113640.SH,0.60394705939906
2026-01-16,113643.SH,-0.0713627758579007
2026-01-16,113644.SH,0.43219015358382906
2026-01-16,113646.SH,0.5109366037497276
2026-01-16,113647.SH,-0.553844648609796
2026-01-16,113648.SH,-0.6768582515919226
2026-01-16,113649.SH,0.5861292037787198
2026-01-16,113650.SH,-2.7341143483886285
2026-01-16,113651.SH,-0.28094710157593605
2026-01-16,113652.SH,0.09437604728955983
2026-01-16,113653.SH,0.619874818656533
2026-01-16,113654.SH,0.2523067500880536
2026-01-16,113655.SH,0.43741187701136997
2026-01-16,113656.SH,0.3033279925816407
2026-01-16,113658.SH,0.47856717130225346
2026-01-16,113659.SH,0.5146686326258242
2026-01-16,113660.SH,-1.6218392467659841
2026-01-16,113661.SH,0.3058457897128173
2026-01-16,113665.SH,-0.07262448980188266
2026-01-16,113666.SH,0.31337046856784734
2026-01-16,113667.SH,0.5288006526409625
2026-01-16,113670.SH,-2.0305343943952363
2026-01-16,113671.SH,0.13702204082854766
2026-01-16,113672.SH,1.108578375130261
2026-01-16,113673.SH,0.36042063852064476
2026-01-16,113674.SH,-0.08005956161917993
2026-01-16,113676.SH,0.779679998330333
2026-01-16,113677.SH,0.21935430570893533
2026-01-16,113678.SH,0.4861993702243779
2026-01-16,113679.SH,-0.39576790190932015
2026-01-16,113680.SH,0.086189088459148
2026-01-16,113681.SH,0.718934909390183
2026-01-16,113682.SH,-0.8512084585058579
2026-01-16,113686.SH,0.7033453353301854
2026-01-16,113687.SH,-0.38372092177218586
2026-01-16,113688.SH,0.4104797403540846
2026-01-16,113691.SH,0.4834203031976849
2026-01-16,113692.SH,0.293665749038429
2026-01-16,113693.SH,-0.18267766987740497
2026-01-16,113694.SH,0.1973952912066773
2026-01-16,113695.SH,0.34375440722657347
2026-01-16,113696.SH,0.09546370201094719
2026-01-16,113697.SH,-0.3333728236972343
2026-01-16,113698.SH,-0.10455884452880483
2026-01-16,113699.SH,-0.538350447422693
2026-01-16,118000.SH,1.0161975677083182
2026-01-16,118003.SH,0.37764368629332745
2026-01-16,118004.SH,0.24702735537849835
2026-01-16,118005.SH,-2.577176669942287
2026-01-16,118006.SH,0.36108652493498344
2026-01-16,118007.SH,0.5564282453712023
2026-01-16,118008.SH,0.6419955389918462
2026-01-16,118009.SH,1.1042924779358418
2026-01-16,118010.SH,-4.496589542985838
2026-01-16,118011.SH,0.0890728179804618
2026-01-16,118012.SH,0.42059249507775864
2026-01-16,118013.SH,0.2928646445371374
2026-01-16,118015.SH,-1.2254418667108915
2026-01-16,118016.SH,0.7799094443847598
2026-01-16,118018.SH,-0.8976297324356877
2026-01-16,118020.SH,-2.5854505387063123
2026-01-16,118021.SH,-0.8681727857959032
2026-01-16,118022.SH,-1.779335149798321
2026-01-16,118024.SH,-0.03134636431196604
2026-01-16,118025.SH,-0.009013383637547978
2026-01-16,118027.SH,0.3246281309136239
2026-01-16,118029.SH,0.6413906158159235
2026-01-16,118030.SH,0.022457414455295865
2026-01-16,118031.SH,0.7834882618906928
2026-01-16,118032.SH,-2.8250864298004204
2026-01-16,118033.SH,-0.13700298818249884
2026-01-16,118034.SH,-0.006336831212085156
2026-01-16,118035.SH,0.36444823366813284
2026-01-16,118036.SH,0.21026456758967865
2026-01-16,118037.SH,0.336349554700537
2026-01-16,118038.SH,-0.204549666494618
2026-01-16,118039.SH,0.750644588680257
2026-01-16,118040.SH,-0.3761072708318362
2026-01-16,118041.SH,0.5390535111159954
2026-01-16,118042.SH,-1.0067516286508256
2026-01-16,118043.SH,1.0150135724518725
2026-01-16,118044.SH,0.11531837328400613
2026-01-16,118045.SH,-1.8869291677262685
2026-01-16,118048.SH,-0.3823102235518266
2026-01-16,118049.SH,0.5358650450581905
2026-01-16,118050.SH,0.5114773629782368
2026-01-16,118051.SH,0.12575765621556848
2026-01-16,118052.SH,0.3371540759587679
2026-01-16,118053.SH,-0.25831119715481565
2026-01-16,118054.SH,-1.0762613421223381
2026-01-16,118055.SH,0.38064732337659135
2026-01-16,118056.SH,0.38638547763468056
2026-01-16,118057.SH,-3.878802856259988
2026-01-16,118058.SH,0.0540006436632936
2026-01-16,118059.SH,0.05190385978615683
2026-01-16,118060.SH,0.2877704208781109
2026-01-16,118061.SH,-1.2641242071855197
2026-01-16,118062.SH,-0.602605429763891
2026-01-16,118063.SH,-0.7106962309307701
2026-01-16,123049.SZ,0.7077413978103643
2026-01-16,123054.SZ,0.5839551178232535
2026-01-16,123059.SZ,0.6407466305599776
2026-01-16,123061.SZ,0.8324529020105247
2026-01-16,123064.SZ,0.45713758361290224
2026-01-16,123065.SZ,-2.219991730692241
2026-01-16,123071.SZ,0.14522479711315547
2026-01-16,123072.SZ,-3.5948305021694242
2026-01-16,123076.SZ,0.775306233780833
2026-01-16,123080.SZ,0.3120686282460821
2026-01-16,123085.SZ,0.7093128954592942
2026-01-16,123088.SZ,0.5531548692485931
2026-01-16,123090.SZ,-1.7248067420528417
2026-01-16,123091.SZ,0.30831541642004107
2026-01-16,123092.SZ,0.5987636753220208
2026-01-16,123104.SZ,-0.5363637123784264
2026-01-16,123107.SZ,0.4328568247072038
2026-01-16,123108.SZ,0.20109941685148452
2026-01-16,123109.SZ,-1.5528927419312797
2026-01-16,123112.SZ,0.36224871491753136
2026-01-16,123113.SZ,-0.3766302914435349
2026-01-16,123114.SZ,0.17091874371603222
2026-01-16,123117.SZ,-1.9415450131627112
2026-01-16,123118.SZ,0.8294261097865916
2026-01-16,123119.SZ,0.382713862053115
2026-01-16,123121.SZ,0.06889396379887387
2026-01-16,123122.SZ,-2.123594683831896
2026-01-16,123124.SZ,0.3898298670550697
2026-01-16,123126.SZ,0.03849614340208559
2026-01-16,123128.SZ,0.996323388972881
2026-01-16,123129.SZ,0.0783903161622953
2026-01-16,123131.SZ,0.24618235358002538
2026-01-16,123133.SZ,0.5143971984334716
2026-01-16,123138.SZ,-0.5376871560714559
2026-01-16,123142.SZ,-1.0074133504973402
2026-01-16,123144.SZ,-0.6217155861691267
2026-01-16,123146.SZ,0.9132771057509984
2026-01-16,123149.SZ,0.43666082774203846
2026-01-16,123150.SZ,0.01387078457508672
2026-01-16,123151.SZ,-1.5021420560013818
2026-01-16,123154.SZ,-4.6409383498611545
2026-01-16,123155.SZ,0.141508757175548
2026-01-16,123157.SZ,0.42992280662336657
2026-01-16,123158.SZ,0.28281926561106663
2026-01-16,123159.SZ,1.1225174981953743
2026-01-16,123160.SZ,-0.6201202468855709
2026-01-16,123165.SZ,-0.4531618721037876
2026-01-16,123168.SZ,-0.05417004742345978
2026-01-16,123171.SZ,-0.4185699233601364
2026-01-16,123172.SZ,0.7647850814152946
2026-01-16,123173.SZ,0.6749735623695572
2026-01-16,123175.SZ,-1.0489514159153892
2026-01-16,123176.SZ,-1.6995279063088813
2026-01-16,123178.SZ,0.43619417766658863
2026-01-16,123179.SZ,-2.8336102813093285
2026-01-16,123180.SZ,-0.27425035019884636
2026-01-16,123182.SZ,-0.22970049363238493
2026-01-16,123183.SZ,0.09798837454681754
2026-01-16,123187.SZ,0.125363823630069
2026-01-16,123188.SZ,0.840162251142414
2026-01-16,123189.SZ,0.34602470552281206
2026-01-16,123192.SZ,-0.41471419563057865
2026-01-16,123193.SZ,-0.23012434219776823
2026-01-16,123194.SZ,0.18427301620117514
2026-01-16,123195.SZ,-0.5888962510657965
2026-01-16,123196.SZ,-0.12857521894233526
2026-01-16,123197.SZ,-0.17736896748597097
2026-01-16,123198.SZ,0.7141019655053893
2026-01-16,123199.SZ,0.6571999184603674
2026-01-16,123207.SZ,0.681312922720381
2026-01-16,123209.SZ,0.43628052363094416
2026-01-16,123210.SZ,0.1598748295526205
2026-01-16,123211.SZ,0.20628073686791434
2026-01-16,123213.SZ,0.7332061651141322
2026-01-16,123214.SZ,0.17864885921653376
2026-01-16,123215.SZ,0.2496692825607191
2026-01-16,123216.SZ,0.29363123852956974
2026-01-16,123220.SZ,0.4762502293139507
2026-01-16,123221.SZ,0.7153616449287552
2026-01-16,123222.SZ,0.5426165402594434
2026-01-16,123223.SZ,0.284802988241143
2026-01-16,123224.SZ,0.2663740132737268
2026-01-16,123225.SZ,0.5521006285363839
2026-01-16,123229.SZ,-0.05263532474832878
2026-01-16,123235.SZ,0.7257446413766896
2026-01-16,123236.SZ,0.4804646815883584
2026-01-16,123237.SZ,0.3385600519668913
2026-01-16,123239.SZ,0.7057159348165726
2026-01-16,123241.SZ,-0.787396101279398
2026-01-16,123242.SZ,1.0046365120170302
2026-01-16,123243.SZ,0.9259602594009282
2026-01-16,123245.SZ,0.7623359494331245
2026-01-16,123246.SZ,1.010126199156713
2026-01-16,123247.SZ,-0.21324135047222872
2026-01-16,123250.SZ,-1.0711564850818938
2026-01-16,123251.SZ,-0.5293990714502733
2026-01-16,123252.SZ,-1.3785044903537869
2026-01-16,123253.SZ,0.3117742599472514
2026-01-16,123254.SZ,0.5113306669895663
2026-01-16,123255.SZ,-2.171683381600582
2026-01-16,123256.SZ,0.8273092987954151
2026-01-16,123257.SZ,-0.48222837401598534
2026-01-16,123258.SZ,0.07725767458656346
2026-01-16,123259.SZ,0.3095112698294404
2026-01-16,123260.SZ,-0.31069353673066136
2026-01-16,123261.SZ,-0.47808802881999823
2026-01-16,123262.SZ,-0.2396189712025502
2026-01-16,123263.SZ,-0.3614334995401353
2026-01-16,127016.SZ,0.3656624490271173
2026-01-16,127017.SZ,-0.873122160384595
2026-01-16,127018.SZ,0.545670511451786
2026-01-16,127022.SZ,0.7354596448675041
2026-01-16,127024.SZ,0.47774502211271863
2026-01-16,127025.SZ,-3.4089967907029806
2026-01-16,127026.SZ,0.648717068525759
2026-01-16,127027.SZ,0.4263119491803503
2026-01-16,127028.SZ,1.1039065652782654
2026-01-16,127030.SZ,0.2283331426759417
2026-01-16,127031.SZ,0.03326943600369083
2026-01-16,127034.SZ,-0.24315597332593736
2026-01-16,127037.SZ,0.326214564972782
2026-01-16,127038.SZ,-0.5030373305154667
2026-01-16,127039.SZ,0.9519160032265878
2026-01-16,127040.SZ,0.7205707118366311
2026-01-16,127041.SZ,0.48438151408609037
2026-01-16,127042.SZ,1.1766554455313114
2026-01-16,127044.SZ,-0.18812805486589168
2026-01-16,127045.SZ,0.4349660002621857
2026-01-16,127046.SZ,-2.7946590011447836
2026-01-16,127047.SZ,0.9429914947695207
2026-01-16,127049.SZ,0.1266930190157827
2026-01-16,127050.SZ,0.34227831532471925
2026-01-16,127053.SZ,0.7571250155533891
2026-01-16,127054.SZ,0.2330375073634523
2026-01-16,127055.SZ,0.7582970909125778
2026-01-16,127056.SZ,0.035320580490599496
2026-01-16,127059.SZ,0.02355673032439561
2026-01-16,127060.SZ,-0.8205749209440378
2026-01-16,127061.SZ,0.34842792914566734
2026-01-16,127062.SZ,-0.6261069433380717
2026-01-16,127064.SZ,0.3080032787890391
2026-01-16,127066.SZ,0.14180625196070076
2026-01-16,127067.SZ,0.04053435483351492
2026-01-16,127068.SZ,-0.8318945628125686
2026-01-16,127069.SZ,-0.19628782292665717
2026-01-16,127070.SZ,0.5376966773493248
2026-01-16,127071.SZ,-0.16090900034076844
2026-01-16,127072.SZ,0.5097712741844864
2026-01-16,127075.SZ,0.4268651897950193
2026-01-16,127076.SZ,0.591593474153408
2026-01-16,127078.SZ,0.6574243380520957
2026-01-16,127079.SZ,0.6070550648988822
2026-01-16,127080.SZ,-2.5050020857589304
2026-01-16,127082.SZ,0.5144995217000511
2026-01-16,127083.SZ,-0.19655788758679693
2026-01-16,127084.SZ,0.44283373084015715
2026-01-16,127085.SZ,-1.4160308512456659
2026-01-16,127088.SZ,0.09328584566499551
2026-01-16,127089.SZ,0.4350671530450645
2026-01-16,127090.SZ,-0.05195402363282588
2026-01-16,127092.SZ,0.5175236155676086
2026-01-16,127093.SZ,-0.008028771401483883
2026-01-16,127094.SZ,0.31262192211152495
2026-01-16,127095.SZ,0.5753950335266886
2026-01-16,127096.SZ,0.3289534260013863
2026-01-16,127098.SZ,-1.7426244752205597
2026-01-16,127099.SZ,0.3701691515472292
2026-01-16,127102.SZ,0.2820311448335906
2026-01-16,127103.SZ,0.21293299695873175
2026-01-16,127104.SZ,0.3726309932993659
2026-01-16,127105.SZ,0.5614389104191735
2026-01-16,127108.SZ,0.1426513200180344
2026-01-16,127109.SZ,0.45193811258474137
2026-01-16,127110.SZ,0.1977851532278027
2026-01-16,127111.SZ,-0.08336898465999965
2026-01-16,128097.SZ,0.023797497887662982
2026-01-16,128101.SZ,0.5718455553738546
2026-01-16,128108.SZ,-0.5762237530633586
2026-01-16,128119.SZ,-2.758371530790716
2026-01-16,128121.SZ,-0.16472529931597168
2026-01-16,128124.SZ,-5.160689959520589
2026-01-16,128125.SZ,0.6007946534787328
2026-01-16,128127.SZ,0.75846801457987
2026-01-16,128128.SZ,0.3592796791435598
2026-01-16,128129.SZ,0.13610751184382547
2026-01-16,128134.SZ,-1.2203013511800112
2026-01-16,128135.SZ,-3.258856637119448
2026-01-16,128136.SZ,0.2594001553123395
2026-01-16,128137.SZ,0.5636497882659518
2026-01-16,128138.SZ,0.21320713644492087
2026-01-16,128141.SZ,0.7658990652270083
2026-01-16,128142.SZ,0.3316849494450762
2026-01-19,110067.SH,0.5445874651887721
2026-01-19,110070.SH,0.7467126788838878
2026-01-19,110073.SH,0.20053251827416219
2026-01-19,110074.SH,-2.8371023950465117
2026-01-19,110075.SH,0.8264935522338811
2026-01-19,110076.SH,-2.0843431675014887
2026-01-19,110077.SH,0.8792075592436105
2026-01-19,110081.SH,0.404801412768077
2026-01-19,110084.SH,0.2577789601192531
2026-01-19,110085.SH,-1.5860592664516715
2026-01-19,110086.SH,0.4639406880997129
2026-01-19,110087.SH,0.17726176771656296
2026-01-19,110089.SH,1.0572995693059422
2026-01-19,110090.SH,0.4730808000254148
2026-01-19,110092.SH,0.4098162298527349
2026-01-19,110093.SH,0.3868598491065965
2026-01-19,110094.SH,0.9406774663768914
2026-01-19,110095.SH,0.6599722122849455
2026-01-19,110097.SH,0.5264299468398776
2026-01-19,110098.SH,0.5973856681449685
2026-01-19,110099.SH,-0.16460297071587782
2026-01-19,111000.SH,0.5916432955582138
2026-01-19,111001.SH,-1.1459518844403733
2026-01-19,111002.SH,0.053485449210366985
2026-01-19,111003.SH,0.017606370057371295
2026-01-19,111004.SH,0.35148168822138776
2026-01-19,111005.SH,0.5160864631703078
2026-01-19,111009.SH,-0.9518839879798197
2026-01-19,111010.SH,0.7371208051763867
2026-01-19,111012.SH,0.26816876428260905
2026-01-19,111013.SH,0.48347238354080707
2026-01-19,111014.SH,-1.1291789285580187
2026-01-19,111015.SH,0.39165809324444195
2026-01-19,111016.SH,1.0588967815313266
2026-01-19,111017.SH,0.35564526073129205
2026-01-19,111018.SH,0.5504533529454717
2026-01-19,111019.SH,0.5810801425057768
2026-01-19,111020.SH,0.19939250664865188
2026-01-19,111021.SH,0.5327913508406251
2026-01-19,111022.SH,-0.11628279226304254
2026-01-19,111023.SH,0.29882826487720365
2026-01-19,111024.SH,-0.5800968746926605
2026-01-19,113033.SH,0.9640880858689839
2026-01-19,113037.SH,0.008828909486584817
2026-01-19,113039.SH,0.5491634015229024
2026-01-19,113042.SH,0.796406674740315
2026-01-19,113043.SH,0.5566236916504985
2026-01-19,113045.SH,1.1038029286796787
2026-01-19,113046.SH,0.4958130127542193
2026-01-19,113048.SH,0.2610822112252362
2026-01-19,113049.SH,-1.5636476699367619
2026-01-19,113051.SH,0.3380089340115955
2026-01-19,113052.SH,0.3876088262585442
2026-01-19,113053.SH,0.46689785935089606
2026-01-19,113054.SH,-0.23326225067112555
2026-01-19,113056.SH,0.6528319401057978
2026-01-19,113058.SH,0.7412149554285643
2026-01-19,113059.SH,-3.9561812202736353
2026-01-19,113062.SH,0.8674178063978689
2026-01-19,113066.SH,0.553430806240183
2026-01-19,113067.SH,0.09326660120234147
2026-01-19,113070.SH,0.22083409745127622
2026-01-19,113574.SH,0.6530968896410213
2026-01-19,113575.SH,-2.7914964860111864
2026-01-19,113579.SH,-0.37994049165119065
2026-01-19,113584.SH,0.6564508075708624
2026-01-19,113588.SH,-0.25064208161840673
2026-01-19,113589.SH,-4.400938440307006
2026-01-19,113597.SH,0.5165745494545507
2026-01-19,113601.SH,0.5808083250813508
2026-01-19,113605.SH,0.6462975045821028
2026-01-19,113610.SH,-0.8159379351694929
2026-01-19,113615.SH,0.5507159681371063
2026-01-19,113616.SH,-0.22528724374035555
2026-01-19,113618.SH,-0.5532206455886111
2026-01-19,113623.SH,0.9889384905860976
2026-01-19,113624.SH,0.26073686289029935
2026-01-19,113625.SH,-0.36783982258634734
2026-01-19,113627.SH,0.03413303572799395
2026-01-19,113631.SH,0.7833231759419834
2026-01-19,113632.SH,0.5818917948345377
2026-01-19,113633.SH,-2.600155450092635
2026-01-19,113634.SH,-0.7359068891604785
2026-01-19,113636.SH,0.283008322959976
2026-01-19,113638.SH,-1.7602371857758607
2026-01-19,113639.SH,0.8067759395569032
2026-01-19,113640.SH,0.6216414774218841
2026-01-19,113643.SH,0.23840211788629617
2026-01-19,113644.SH,0.3050199726728079
2026-01-19,113646.SH,0.6151463748245812
2026-01-19,113647.SH,0.3532177786581418
2026-01-19,113648.SH,-0.6913663166671762
2026-01-19,113649.SH,0.6291685681521437
2026-01-19,113650.SH,-2.8695073776735325
2026-01-19,113651.SH,-0.9037005096226558
2026-01-19,113652.SH,0.05121894053076889
2026-01-19,113653.SH,0.6391335039991473
2026-01-19,113654.SH,-0.07062432292037912
2026-01-19,113655.SH,0.4125337276811869
2026-01-19,113656.SH,0.29396139296086515
2026-01-19,113658.SH,0.5037014025442892
2026-01-19,113659.SH,0.5847278714464733
2026-01-19,113660.SH,-1.669770049475679
2026-01-19,113661.SH,0.5094475967071956
2026-01-19,113665.SH,-0.07184127870852822
2026-01-19,113666.SH,-0.31833794103544777
2026-01-19,113667.SH,0.3672808027759819
2026-01-19,113670.SH,-2.0510856654320575
2026-01-19,113671.SH,0.13428557839197153
2026-01-19,113672.SH,1.115862699325377
2026-01-19,113673.SH,0.3610460217333048
2026-01-19,113674.SH,-0.09055619955873867
2026-01-19,113676.SH,0.810361310901733
2026-01-19,113677.SH,-0.005387927419939126
2026-01-19,113678.SH,0.6134747203879735
2026-01-19,113679.SH,-0.39145294351655807
2026-01-19,113680.SH,0.05951968889252626
2026-01-19,113681.SH,0.7294240113978926
2026-01-19,113682.SH,-0.927535381826363
2026-01-19,113686.SH,0.7233574018436482
2026-01-19,113687.SH,-0.3500684727932157
2026-01-19,113688.SH,0.12298942875756799
2026-01-19,113691.SH,0.5530182911293695
2026-01-19,113692.SH,0.28186542686926486
2026-01-19,113693.SH,-0.2154810520402293
2026-01-19,113694.SH,0.22405920682584435
2026-01-19,113695.SH,-0.8040292203774846
2026-01-19,113696.SH,0.09619503405821694
2026-01-19,113697.SH,-0.07790629207496629
2026-01-19,113698.SH,-1.8696187434100686
2026-01-19,113699.SH,-0.16134777199298794
2026-01-19,118000.SH,1.0451589172034894
2026-01-19,118003.SH,0.4441562331392507
2026-01-19,118004.SH,0.29277536542579624
2026-01-19,118005.SH,-2.5136798791984507
2026-01-19,118006.SH,0.5174910092399658
2026-01-19,118007.SH,0.5259652179512454
2026-01-19,118008.SH,0.6444653192174055
2026-01-19,118009.SH,1.0942516743782942
2026-01-19,118010.SH,-4.44190674448971
2026-01-19,118011.SH,0.22477003452103686
2026-01-19,118012.SH,0.5662631947263799
2026-01-19,118013.SH,0.36441475607141793
2026-01-19,118015.SH,-1.168473617913921
2026-01-19,118016.SH,0.6212985652928567
2026-01-19,118018.SH,-0.17267595297405644
2026-01-19,118020.SH,-2.6943472787270726
2026-01-19,118021.SH,0.5404855716596703
2026-01-19,118022.SH,-1.625104140504031
2026-01-19,118024.SH,0.03147147675944248
2026-01-19,118025.SH,0.045191854492505505
2026-01-19,118027.SH,-0.04916049529964962
2026-01-19,118029.SH,1.1559457386917227
2026-01-19,118030.SH,-0.5637974087958055
2026-01-19,118031.SH,0.7974648996085241
2026-01-19,118032.SH,-0.6149673361756234
2026-01-19,118033.SH,-0.4270381162342143
2026-01-19,118034.SH,0.1390294873902083
2026-01-19,118035.SH,0.27705622399972063
2026-01-19,118036.SH,0.24170880334566225
2026-01-19,118037.SH,0.38039467679003125
2026-01-19,118038.SH,-0.35675751549200585
2026-01-19,118039.SH,0.8585978205250777
2026-01-19,118040.SH,-0.7499239232372416
2026-01-19,118041.SH,0.4759535330739585
2026-01-19,118042.SH,-0.7105614756338089
2026-01-19,118043.SH,1.0220292267653135
2026-01-19,118044.SH,0.09379670231993796
2026-01-19,118045.SH,-2.8617333023999745
2026-01-19,118048.SH,-1.5622735559624041
2026-01-19,118049.SH,0.721395377321569
2026-01-19,118050.SH,0.5154893730427826
2026-01-19,118051.SH,0.42568748141411916
2026-01-19,118052.SH,0.41508781876092676
2026-01-19,118053.SH,0.3925133285881913
2026-01-19,118054.SH,-1.8091851397138967
2026-01-19,118055.SH,0.016534445168457187
2026-01-19,118056.SH,-0.47033339109052846
2026-01-19,118057.SH,0.2957090756666206
2026-01-19,118058.SH,-0.2991388988059431
2026-01-19,118059.SH,-0.0812862244052017
2026-01-19,118060.SH,0.0124257613837548
2026-01-19,118061.SH,-1.1600765026913176
2026-01-19,118062.SH,-0.6807334426255552
2026-01-19,118063.SH,-0.8298733694298376
2026-01-19,123049.SZ,1.022891859067999
2026-01-19,123054.SZ,0.5449153740014536
2026-01-19,123059.SZ,0.5918189715117061
2026-01-19,123061.SZ,0.6516468105770541
2026-01-19,123064.SZ,0.4847806422326318
2026-01-19,123065.SZ,-2.057122876542227
2026-01-19,123071.SZ,0.19610002385443684
2026-01-19,123072.SZ,-3.5403432306179416
2026-01-19,123076.SZ,0.8105860636743459
2026-01-19,123080.SZ,0.3738176699701482
2026-01-19,123085.SZ,0.7104069584020096
2026-01-19,123088.SZ,0.6811549586022575
2026-01-19,123090.SZ,-1.7530029291057274
2026-01-19,123091.SZ,0.30998590352793426
2026-01-19,123092.SZ,0.5949183155813536
2026-01-19,123104.SZ,-0.9770724748037963
2026-01-19,123107.SZ,0.32003090398284834
2026-01-19,123108.SZ,0.08292954548582468
2026-01-19,123109.SZ,-1.2013603994094038
2026-01-19,123112.SZ,0.3939101945388143
2026-01-19,123113.SZ,-0.3414370894920158
2026-01-19,123114.SZ,-0.117607920622919
2026-01-19,123117.SZ,-0.12934985784934294
2026-01-19,123118.SZ,0.8766458445803179
2026-01-19,123119.SZ,0.5364514853606626
2026-01-19,123121.SZ,0.09198817388795255
2026-01-19,123122.SZ,-1.9882071106478283
2026-01-19,123124.SZ,0.2310660219315629
2026-01-19,123126.SZ,0.054947825835978244
2026-01-19,123128.SZ,1.0401641834967532
2026-01-19,123129.SZ,0.051597117922379594
2026-01-19,123131.SZ,0.24872145197139828
2026-01-19,123133.SZ,0.5654445032159217
2026-01-19,123138.SZ,-0.6296537175162352
2026-01-19,123142.SZ,-0.9780678289313944
2026-01-19,123144.SZ,-0.602509376508117
2026-01-19,123146.SZ,0.9396154297169059
2026-01-19,123149.SZ,0.5690590921728821
2026-01-19,123150.SZ,-0.05392835884806076
2026-01-19,123151.SZ,-1.5440036248410671
2026-01-19,123154.SZ,-4.668064710317093
2026-01-19,123155.SZ,0.2103987218710671
2026-01-19,123157.SZ,0.38848337041053077
2026-01-19,123158.SZ,-0.09982298974154108
2026-01-19,123159.SZ,1.1110751603253837
2026-01-19,123160.SZ,-1.569599860879383
2026-01-19,123165.SZ,-0.42881517356034615
2026-01-19,123168.SZ,-0.08412820832039812
2026-01-19,123171.SZ,-0.460048971552017
2026-01-19,123172.SZ,0.6258830248973132
2026-01-19,123173.SZ,0.6269478012826379
2026-01-19,123175.SZ,-1.087481857435076
2026-01-19,123176.SZ,0.6062842210052641
2026-01-19,123178.SZ,0.6385481200646201
2026-01-19,123179.SZ,-3.019390341813518
2026-01-19,123180.SZ,-0.33911680419035745
2026-01-19,123182.SZ,1.0426085902681288
2026-01-19,123183.SZ,0.18692551752274683
2026-01-19,123187.SZ,-0.3598023617450935
2026-01-19,123188.SZ,0.6314070083806845
2026-01-19,123189.SZ,0.31905339380550324
2026-01-19,123192.SZ,-0.32805472239472006
2026-01-19,123193.SZ,-0.20169153793382286
2026-01-19,123194.SZ,0.357935413911692
2026-01-19,123195.SZ,-1.2688119148095343
2026-01-19,123196.SZ,-0.1543527529212047
2026-01-19,123197.SZ,-0.04091726026978113
2026-01-19,123198.SZ,0.7131584526483669
2026-01-19,123199.SZ,0.5246022403305175
2026-01-19,123207.SZ,0.5460975926742171
2026-01-19,123209.SZ,-0.0972089259606509
2026-01-19,123210.SZ,0.36213302562942534
2026-01-19,123211.SZ,0.34027735836242595
2026-01-19,123213.SZ,0.1274246118245509
2026-01-19,123214.SZ,0.06291952127264261
2026-01-19,123215.SZ,0.2935229654354897
2026-01-19,123216.SZ,0.32598037009603364
2026-01-19,123220.SZ,0.47360103813179
2026-01-19,123221.SZ,0.7223073008566624
2026-01-19,123222.SZ,0.47528165852110915
2026-01-19,123223.SZ,0.24691654474160038
2026-01-19,123224.SZ,0.6783607961117036
2026-01-19,123225.SZ,0.5454618896473871
2026-01-19,123229.SZ,-0.013658112858099194
2026-01-19,123235.SZ,0.7185082309353711
2026-01-19,123236.SZ,0.43553935740338173
2026-01-19,123237.SZ,-0.036575319337190645
2026-01-19,123239.SZ,0.681169896061281
2026-01-19,123241.SZ,-0.09277291380121899
2026-01-19,123242.SZ,1.0522534955287184
2026-01-19,123243.SZ,0.9405927969520593
2026-01-19,123245.SZ,0.10141945475217533
2026-01-19,123246.SZ,1.0270166227728805
2026-01-19,123247.SZ,-1.2459564234524183
2026-01-19,123250.SZ,-1.060923698531064
2026-01-19,123251.SZ,0.2168580448786185
2026-01-19,123252.SZ,-2.2831473626123486
2026-01-19,123253.SZ,0.30896029080014964
2026-01-19,123254.SZ,0.3931517194464175
2026-01-19,123255.SZ,-2.8647816723971475
2026-01-19,123256.SZ,0.8702724572591737
2026-01-19,123257.SZ,0.36561371379703866
2026-01-19,123258.SZ,0.20887718926363846
2026-01-19,123259.SZ,-0.07849480890153539
2026-01-19,123260.SZ,-0.2503118473416482
2026-01-19,123261.SZ,-0.6409885806608672
2026-01-19,123262.SZ,-0.26106114779833783
2026-01-19,123263.SZ,-0.45248275546556155
2026-01-19,123264.SZ,-0.43401791197957773
2026-01-19,127016.SZ,0.5947838946474626
2026-01-19,127017.SZ,-0.874579778689109
2026-01-19,127018.SZ,0.6174224756443701
2026-01-19,127022.SZ,0.7106031465599983
2026-01-19,127024.SZ,0.5440974800551448
2026-01-19,127025.SZ,-3.4814377064021973
2026-01-19,127026.SZ,0.6569930111273489
2026-01-19,127027.SZ,0.020722438363437422
2026-01-19,127028.SZ,1.1206819238445112
2026-01-19,127030.SZ,0.3316199870951285
2026-01-19,127031.SZ,0.43943193430340854
2026-01-19,127034.SZ,-0.22392269375551993
2026-01-19,127037.SZ,-0.286198530951004
2026-01-19,127038.SZ,0.2751816163972772
2026-01-19,127039.SZ,1.069360578783968
2026-01-19,127040.SZ,0.7301624031123678
2026-01-19,127041.SZ,0.5271754618402349
2026-01-19,127042.SZ,1.110359496419375
2026-01-19,127044.SZ,-0.21755578648039528
2026-01-19,127045.SZ,0.43327945207134094
2026-01-19,127046.SZ,-2.842590910342544
2026-01-19,127047.SZ,0.9674622124783085
2026-01-19,127049.SZ,0.08814996162985801
2026-01-19,127050.SZ,0.3175477360538471
2026-01-19,127053.SZ,0.8175287897446846
2026-01-19,127054.SZ,0.532193017321817
2026-01-19,127055.SZ,0.7773224150906755
2026-01-19,127056.SZ,0.24269660220448044
2026-01-19,127059.SZ,-0.0019449770270621868
2026-01-19,127060.SZ,-0.8448372012877415
2026-01-19,127061.SZ,0.23817710679378293
2026-01-19,127062.SZ,-0.688663327471173
2026-01-19,127064.SZ,0.5157902500271808
2026-01-19,127066.SZ,0.40272564809464745
2026-01-19,127067.SZ,0.3132647876539528
2026-01-19,127068.SZ,-0.8023342220884846
2026-01-19,127069.SZ,-0.20564660543356114
2026-01-19,127070.SZ,0.518891818894074
2026-01-19,127071.SZ,0.9593787838952
2026-01-19,127072.SZ,0.4280128898571064
2026-01-19,127075.SZ,0.49569149476608515
2026-01-19,127076.SZ,0.58158073703743
2026-01-19,127078.SZ,0.6404170534087356
2026-01-19,127079.SZ,0.6119298658052085
2026-01-19,127080.SZ,0.21416543584843817
2026-01-19,127082.SZ,0.5289164255249188
2026-01-19,127083.SZ,-0.19441030093004613
2026-01-19,127084.SZ,0.41367250047436993
2026-01-19,127085.SZ,-1.4442359786672887
2026-01-19,127088.SZ,-0.10588698784621156
2026-01-19,127089.SZ,0.44572047336576964
2026-01-19,127090.SZ,0.004075911388709358
2026-01-19,127092.SZ,0.5247853492779737
2026-01-19,127093.SZ,0.04316686393502083
2026-01-19,127094.SZ,0.5238262657422065
2026-01-19,127095.SZ,0.5059969561412742
2026-01-19,127096.SZ,0.3181762290466706
2026-01-19,127098.SZ,-1.6643222604926255
2026-01-19,127099.SZ,0.3510317062021902
2026-01-19,127102.SZ,0.42613436282492956
2026-01-19,127103.SZ,0.23374439796077018
2026-01-19,127104.SZ,0.2816555711560037
2026-01-19,127105.SZ,0.6171049045927489
2026-01-19,127108.SZ,0.12977682431302057
2026-01-19,127109.SZ,-0.7221946910530858
2026-01-19,127110.SZ,0.5537519488146813
2026-01-19,127111.SZ,0.25487149042074786
2026-01-19,128097.SZ,0.006626742082596012
2026-01-19,128101.SZ,0.5964119661889143
2026-01-19,128108.SZ,-0.5663379502152593
2026-01-19,128119.SZ,-2.844095305438175
2026-01-19,128121.SZ,-0.21381899170725002
2026-01-19,128124.SZ,-5.223779043636306
2026-01-19,128125.SZ,0.6729756158085767
2026-01-19,128127.SZ,0.7847616270398828
2026-01-19,128128.SZ,0.5196430125839967
2026-01-19,128129.SZ,0.13157351236680065
2026-01-19,128134.SZ,-0.315869731139769
2026-01-19,128135.SZ,-3.290096313128167
2026-01-19,128136.SZ,0.25508035448379246
2026-01-19,128137.SZ,0.6231904704812976
2026-01-19,128138.SZ,-0.5327194238172109
2026-01-19,128141.SZ,0.763348338791198
2026-01-19,128142.SZ,0.6006141415929352
2026-01-20,110067.SH,0.9135225362867886
2026-01-20,110070.SH,0.7662286168782463
2026-01-20,110073.SH,0.4347932711251349
2026-01-20,110074.SH,-1.3569048217897868
2026-01-20,110075.SH,0.7118621549652948
2026-01-20,110076.SH,-2.1298899532931914
2026-01-20,110077.SH,0.8932302150675729
2026-01-20,110081.SH,0.3959478957853456
2026-01-20,110084.SH,0.274586871329809
2026-01-20,110085.SH,-1.795001475760904
2026-01-20,110086.SH,0.15943321860164755
2026-01-20,110087.SH,0.30898690394390155
2026-01-20,110089.SH,1.0760167868141004
2026-01-20,110090.SH,0.474019140768433
2026-01-20,110092.SH,0.4538467752599843
2026-01-20,110093.SH,0.4809739061538866
2026-01-20,110094.SH,0.9277733985235074
2026-01-20,110095.SH,0.7643795327614982
2026-01-20,110097.SH,0.5852355669835615
2026-01-20,110098.SH,0.4432188532881693
2026-01-20,110099.SH,-0.15591282268066012
2026-01-20,111000.SH,0.6982034964827893
2026-01-20,111001.SH,-1.0953242816788011
2026-01-20,111002.SH,0.369829271818355
2026-01-20,111003.SH,0.06880637510742749
2026-01-20,111004.SH,0.3923920317766815
2026-01-20,111005.SH,0.5661701631350626
2026-01-20,111009.SH,-0.008413145070628902
2026-01-20,111010.SH,0.5217313705617712
2026-01-20,111012.SH,-0.7824802095916367
2026-01-20,111013.SH,0.1934438399012223
2026-01-20,111014.SH,-1.1271034541099398
2026-01-20,111015.SH,0.42631938601963
2026-01-20,111016.SH,1.0529470538322758
2026-01-20,111017.SH,0.3922854306006091
2026-01-20,111018.SH,0.23831917740286587
2026-01-20,111019.SH,0.5885322475778562
2026-01-20,111020.SH,0.217773911210156
2026-01-20,111021.SH,0.3604149444776904
2026-01-20,111022.SH,-0.12322065846606775
2026-01-20,111023.SH,0.5487441968426083
2026-01-20,111024.SH,-1.3621335037051143
2026-01-20,113033.SH,0.9664859046734644
2026-01-20,113037.SH,0.008882484501388002
2026-01-20,113039.SH,0.5112431270666161
2026-01-20,113042.SH,0.7893554844137088
2026-01-20,113043.SH,0.4387601921600499
2026-01-20,113045.SH,1.0861475268995995
2026-01-20,113046.SH,0.41178299614906505
2026-01-20,113048.SH,0.24934232438394988
2026-01-20,113049.SH,-1.5408916298280628
2026-01-20,113051.SH,0.29403809064423825
2026-01-20,113052.SH,0.3733405124471447
2026-01-20,113053.SH,0.4357054773565293
2026-01-20,113054.SH,-0.20879762500881913
2026-01-20,113056.SH,0.6261805538104543
2026-01-20,113058.SH,0.7594539149980223
2026-01-20,113059.SH,-3.9345111234586283
2026-01-20,113062.SH,0.8934405389218845
2026-01-20,113066.SH,0.4616767937853411
2026-01-20,113067.SH,0.09937665101563131
2026-01-20,113070.SH,0.444287013148322
2026-01-20,113574.SH,0.8307649495212789
2026-01-20,113575.SH,-1.8380691491330803
2026-01-20,113579.SH,-3.222237767991086
2026-01-20,113584.SH,0.6530540886395504
2026-01-20,113588.SH,-0.0029196514618599068
2026-01-20,113589.SH,-4.473191926016354
2026-01-20,113597.SH,0.272578357135572
2026-01-20,113601.SH,0.24672260571141194
2026-01-20,113605.SH,0.72596305229631
2026-01-20,113610.SH,-0.8553923679745423
2026-01-20,113615.SH,0.5579444564561358
2026-01-20,113616.SH,0.22569904613817593
2026-01-20,113618.SH,-0.04146168621169674
2026-01-20,113623.SH,1.0630475092178788
2026-01-20,113624.SH,0.25832524531651246
2026-01-20,113625.SH,-0.521063334962383
2026-01-20,113627.SH,-0.34590137181776864
2026-01-20,113631.SH,0.7941497555953665
2026-01-20,113632.SH,0.6433808178213243
2026-01-20,113633.SH,-2.711263837479809
2026-01-20,113634.SH,-0.7889104368756356
2026-01-20,113636.SH,-0.6984580932416801
2026-01-20,113638.SH,-1.73043396342285
2026-01-20,113639.SH,0.8981094624079651
2026-01-20,113640.SH,0.6581015466852768
2026-01-20,113643.SH,-0.17729696482050245
2026-01-20,113644.SH,0.45985180552199856
2026-01-20,113646.SH,0.7281498640328273
2026-01-20,113647.SH,-0.5774848919438403
2026-01-20,113648.SH,-0.7371577791912017
2026-01-20,113649.SH,0.6018236968939821
2026-01-20,113650.SH,-2.946312488460142
2026-01-20,113651.SH,0.20614017898281584
2026-01-20,113652.SH,0.0658048517277748
2026-01-20,113653.SH,0.661860792288771
2026-01-20,113654.SH,0.25665801009039596
2026-01-20,113655.SH,0.39327754479090016
2026-01-20,113656.SH,0.4830544019420324
2026-01-20,113658.SH,0.4332576059280478
2026-01-20,113659.SH,0.5065421772685046
2026-01-20,113660.SH,-1.6965493270553147
2026-01-20,113661.SH,0.32606295133164404
2026-01-20,113665.SH,-0.05988419982755063
2026-01-20,113666.SH,-0.27391703488108404
2026-01-20,113667.SH,0.5014447243210584
2026-01-20,113670.SH,-2.078050722972233
2026-01-20,113671.SH,0.12432103594790227
2026-01-20,113672.SH,1.1124888057091133
2026-01-20,113673.SH,0.5188629462351588
2026-01-20,113674.SH,-0.09860161635616473
2026-01-20,113676.SH,0.9529328241762877
2026-01-20,113677.SH,0.18950775825865157
2026-01-20,113678.SH,0.41345351123994756
2026-01-20,113679.SH,-0.3819055743421799
2026-01-20,113680.SH,0.09125577971158493
2026-01-20,113681.SH,0.735797669940811
2026-01-20,113682.SH,-0.8804874265455144
2026-01-20,113686.SH,0.7401256970405995
2026-01-20,113687.SH,-0.5360752725925135
2026-01-20,113688.SH,0.15318525763591284
2026-01-20,113691.SH,0.5308337962971014
2026-01-20,113692.SH,0.29556457027164723
2026-01-20,113693.SH,-0.247622344196171
2026-01-20,113694.SH,0.26647315998676024
2026-01-20,113695.SH,0.2891542903824549
2026-01-20,113696.SH,0.08337392048395591
2026-01-20,113697.SH,-0.023460099455296608
2026-01-20,113698.SH,0.46648076686989864
2026-01-20,113699.SH,0.04505712690960331
2026-01-20,118000.SH,0.9588464439902924
2026-01-20,118003.SH,0.5094021622821714
2026-01-20,118004.SH,0.36505245437285183
2026-01-20,118005.SH,-2.567507688664977
2026-01-20,118006.SH,0.48046601052837007
2026-01-20,118007.SH,0.5663332092562844
2026-01-20,118008.SH,0.5964720130730201
2026-01-20,118009.SH,1.1138343462174427
2026-01-20,118010.SH,-4.446961795925709
2026-01-20,118011.SH,0.1681636299637496
2026-01-20,118012.SH,0.6513153308137183
2026-01-20,118013.SH,0.27835789456955373
2026-01-20,118015.SH,-1.1499678945613976
2026-01-20,118016.SH,0.7486436559113366
2026-01-20,118018.SH,-0.7055851492053149
2026-01-20,118020.SH,-2.3960197288854905
2026-01-20,118021.SH,-0.28870308926249344
2026-01-20,118022.SH,-1.3217570081058265
2026-01-20,118024.SH,-0.03059913691845775
2026-01-20,118025.SH,0.10854186068494978
2026-01-20,118027.SH,-3.1266844413935337
2026-01-20,118029.SH,1.1148290970149932
2026-01-20,118030.SH,-0.23397134649362375
2026-01-20,118031.SH,0.5424609112339464
2026-01-20,118032.SH,-2.623168669113815
2026-01-20,118033.SH,-0.4596321758100698
2026-01-20,118034.SH,0.03946716516946498
2026-01-20,118035.SH,0.4140996775872302
2026-01-20,118036.SH,0.25291037967755614
2026-01-20,118037.SH,0.3911952055934018
2026-01-20,118038.SH,0.6848334787722059
2026-01-20,118039.SH,0.8790209338205679
2026-01-20,118040.SH,0.09046109755700034
2026-01-20,118041.SH,0.5218789830492666
2026-01-20,118042.SH,-0.7499895903740763
2026-01-20,118043.SH,1.029723043042194
2026-01-20,118044.SH,0.1978949809823357
2026-01-20,118045.SH,-1.7644778081220682
2026-01-20,118048.SH,-0.3114511082412824
2026-01-20,118049.SH,0.682537840466333
2026-01-20,118050.SH,0.1414218864340962
2026-01-20,118051.SH,0.1727710064483237
2026-01-20,118052.SH,0.30224345432587074
2026-01-20,118053.SH,-0.1484937968778034
2026-01-20,118054.SH,-0.19184429999155325
2026-01-20,118055.SH,-0.25913925648331426
2026-01-20,118056.SH,0.4259926757482599
2026-01-20,118057.SH,0.3325698319680573
2026-01-20,118058.SH,-0.3143809497339061
2026-01-20,118059.SH,-0.44603853026359114
2026-01-20,118060.SH,0.14433391065949533
2026-01-20,118061.SH,-1.2343753201776446
2026-01-20,118062.SH,-0.7805374914041618
2026-01-20,118063.SH,-0.6019286843326985
2026-01-20,123049.SZ,0.7989409726402291
2026-01-20,123054.SZ,0.5457167893071656
2026-01-20,123059.SZ,0.5425753340946537
2026-01-20,123061.SZ,0.7183522189744975
2026-01-20,123064.SZ,0.4724521032362574
2026-01-20,123065.SZ,-2.0115593823299878
2026-01-20,123071.SZ,0.23427718590712932
2026-01-20,123072.SZ,-3.5844476649397534
2026-01-20,123076.SZ,0.907590097386107
2026-01-20,123080.SZ,0.2678083475785118
2026-01-20,123085.SZ,0.7330259667957543
2026-01-20,123088.SZ,0.6524966518111885
2026-01-20,123090.SZ,-1.9001314491717294
2026-01-20,123091.SZ,0.3888834331862262
2026-01-20,123092.SZ,0.6354718368470724
2026-01-20,123104.SZ,-2.353352048794539
2026-01-20,123107.SZ,0.3019621355880167
2026-01-20,123108.SZ,-0.7137969086550083
2026-01-20,123109.SZ,-1.396486029010424
2026-01-20,123112.SZ,0.4036764689560717
2026-01-20,123113.SZ,-0.37821792834866386
2026-01-20,123114.SZ,-0.0063891094126018455
2026-01-20,123117.SZ,-0.5654286448119774
2026-01-20,123118.SZ,0.8747185471216499
2026-01-20,123119.SZ,0.44224193587588234
2026-01-20,123121.SZ,0.2060613060886965
2026-01-20,123122.SZ,-2.17562659888354
2026-01-20,123124.SZ,0.023266774398950786
2026-01-20,123126.SZ,0.08899318365815452
2026-01-20,123128.SZ,1.0831245962041256
2026-01-20,123129.SZ,0.06956192031610081
2026-01-20,123131.SZ,0.02536195044266
2026-01-20,123133.SZ,0.40233223465684315
2026-01-20,123138.SZ,-0.671966358494982
2026-01-20,123142.SZ,-0.9142717992700227
2026-01-20,123144.SZ,-0.5997939032587023
2026-01-20,123146.SZ,0.6742194174590235
2026-01-20,123149.SZ,0.5094673907289554
2026-01-20,123150.SZ,-0.07682672361830656
2026-01-20,123151.SZ,-1.5893832639247876
2026-01-20,123154.SZ,-4.821050600329046
2026-01-20,123155.SZ,0.35001108454863655
2026-01-20,123157.SZ,0.3281989207525692
2026-01-20,123158.SZ,0.11979736624761203
2026-01-20,123159.SZ,1.1054311886132453
2026-01-20,123160.SZ,-0.4039304976869075
2026-01-20,123165.SZ,-0.38730002441666966
2026-01-20,123168.SZ,-0.08638290102278694
2026-01-20,123171.SZ,-0.38934704759032734
2026-01-20,123172.SZ,0.5753810175557422
2026-01-20,123173.SZ,0.5928239176769577
2026-01-20,123175.SZ,-0.8723438900946604
2026-01-20,123176.SZ,0.6118688802833686
2026-01-20,123178.SZ,0.6456382236424725
2026-01-20,123179.SZ,-0.9511124797781945
2026-01-20,123180.SZ,-0.3062087008718888
2026-01-20,123182.SZ,1.0276923958604132
2026-01-20,123183.SZ,0.11477477605696608
2026-01-20,123187.SZ,0.8489135397152511
2026-01-20,123188.SZ,0.6942138908311186
2026-01-20,123189.SZ,0.33398019915028604
2026-01-20,123192.SZ,-0.3732812078078298
2026-01-20,123193.SZ,-0.1103787604462468
2026-01-20,123194.SZ,0.4161982433545465
2026-01-20,123195.SZ,0.06052902479089796
2026-01-20,123196.SZ,-0.13346276497195228
2026-01-20,123197.SZ,-0.07748730258752888
2026-01-20,123198.SZ,0.7490016781502858
2026-01-20,123199.SZ,0.48801200469365125
2026-01-20,123207.SZ,1.1022616722297751
2026-01-20,123209.SZ,0.5937827761413265
2026-01-20,123210.SZ,0.6139463091022098
2026-01-20,123211.SZ,0.17500631666852243
2026-01-20,123213.SZ,0.9550754183158319
2026-01-20,123214.SZ,-0.1461581246222855
2026-01-20,123215.SZ,0.26076988821612423
2026-01-20,123216.SZ,0.2180372531637596
2026-01-20,123220.SZ,0.4746576373032219
2026-01-20,123221.SZ,0.745623531146524
2026-01-20,123222.SZ,0.405614765381331
2026-01-20,123223.SZ,0.22430198146087357
2026-01-20,123224.SZ,0.4500793295660227
2026-01-20,123225.SZ,0.5481006711588706
2026-01-20,123229.SZ,0.08758216337137538
2026-01-20,123235.SZ,0.5280545835693409
2026-01-20,123236.SZ,0.5014078563175647
2026-01-20,123237.SZ,0.23690950319189186
2026-01-20,123239.SZ,0.6889178736856089
2026-01-20,123241.SZ,-0.26621049040639694
2026-01-20,123242.SZ,0.9266542917817346
2026-01-20,123243.SZ,1.0414923498776705
2026-01-20,123245.SZ,-0.37003184732753425
2026-01-20,123246.SZ,0.9651411624040299
2026-01-20,123247.SZ,0.28377183714709747
2026-01-20,123250.SZ,-1.1523577492459414
2026-01-20,123251.SZ,0.22053710269581445
2026-01-20,123252.SZ,-1.8642683081963076
2026-01-20,123253.SZ,0.23920566951609493
2026-01-20,123254.SZ,0.368220995199349
2026-01-20,123255.SZ,-1.4645412231439203
2026-01-20,123256.SZ,0.7969842293444415
2026-01-20,123257.SZ,-0.5159107754621448
2026-01-20,123258.SZ,-0.0698825253520336
2026-01-20,123259.SZ,-0.11352374912548793
2026-01-20,123260.SZ,-0.2094514794200774
2026-01-20,123261.SZ,-0.7654446564565895
2026-01-20,123262.SZ,-0.45226394702780587
2026-01-20,123263.SZ,-0.5419993269996808
2026-01-20,123264.SZ,-0.7468585345919121
2026-01-20,127016.SZ,0.41972796462751605
2026-01-20,127017.SZ,0.012124518415251584
2026-01-20,127018.SZ,0.5556396104027428
2026-01-20,127022.SZ,0.8077701784284147
2026-01-20,127024.SZ,0.2544828135445332
2026-01-20,127025.SZ,-3.623643250755547
2026-01-20,127026.SZ,0.7068601554088022
2026-01-20,127027.SZ,0.029424678683804904
2026-01-20,127030.SZ,-0.14342938230282196
2026-01-20,127031.SZ,0.0579651540272377
2026-01-20,127034.SZ,-0.19452175128672264
2026-01-20,127037.SZ,0.27771206322900954
2026-01-20,127038.SZ,0.03953482284007842
2026-01-20,127039.SZ,1.1128038681820756
2026-01-20,127040.SZ,0.761141392022113
2026-01-20,127041.SZ,0.5109143252090366
2026-01-20,127042.SZ,0.9914735880185261
2026-01-20,127044.SZ,-0.22953151747133008
2026-01-20,127045.SZ,0.40640513976796905
2026-01-20,127046.SZ,-2.7150080374895853
2026-01-20,127047.SZ,1.0069791124748282
2026-01-20,127049.SZ,0.06881418817297584
2026-01-20,127050.SZ,0.3903542004448454
2026-01-20,127053.SZ,0.756336574411418
2026-01-20,127054.SZ,0.2431866204832345
2026-01-20,127055.SZ,0.5635392167842121
2026-01-20,127056.SZ,0.012202482389122471
2026-01-20,127059.SZ,0.019190602944985535
2026-01-20,127060.SZ,-0.8336092267681022
2026-01-20,127061.SZ,0.4356138155574467
2026-01-20,127062.SZ,-0.6745919597331913
2026-01-20,127064.SZ,0.39385043842695655
2026-01-20,127066.SZ,0.16338989529184572
2026-01-20,127067.SZ,0.43112255877442013
2026-01-20,127068.SZ,-0.7922948972233852
2026-01-20,127069.SZ,-0.18104818022130226
2026-01-20,127070.SZ,0.552686674556098
2026-01-20,127071.SZ,0.5070993754875859
2026-01-20,127072.SZ,0.40316571388485256
2026-01-20,127075.SZ,0.2366432869372817
2026-01-20,127076.SZ,0.4681107237767702
2026-01-20,127078.SZ,0.6663318009069995
2026-01-20,127079.SZ,0.6307001582450499
2026-01-20,127080.SZ,-1.361400192997847
2026-01-20,127082.SZ,0.3613519865213186
2026-01-20,127083.SZ,0.2579080928843717
2026-01-20,127084.SZ,0.39369250807102796
2026-01-20,127085.SZ,-1.4961214822161921
2026-01-20,127088.SZ,-0.06379951322955182
2026-01-20,127089.SZ,0.49035999337094216
2026-01-20,127090.SZ,-0.10729964259120439
2026-01-20,127092.SZ,0.4871244114204942
2026-01-20,127093.SZ,0.15768040693345153
2026-01-20,127094.SZ,0.3193871343181739
2026-01-20,127095.SZ,0.5309035091606006
2026-01-20,127096.SZ,0.32931485564470425
2026-01-20,127098.SZ,-1.6918697603839672
2026-01-20,127099.SZ,0.35620266201768097
2026-01-20,127102.SZ,0.22513679576505166
2026-01-20,127103.SZ,0.31389662949664926
2026-01-20,127104.SZ,0.33356887961150117
2026-01-20,127105.SZ,0.5383792583031193
2026-01-20,127108.SZ,0.09392211532249777
2026-01-20,127109.SZ,0.16827104250735284
2026-01-20,127110.SZ,0.2085252734817784
2026-01-20,127111.SZ,-0.157935729364065
2026-01-20,128097.SZ,0.09595573775834194
2026-01-20,128101.SZ,0.566673436804348
2026-01-20,128108.SZ,-0.05271246122318998
2026-01-20,128119.SZ,-2.783541007145682
2026-01-20,128121.SZ,-0.20710874501939766
2026-01-20,128124.SZ,-5.262645984303816
2026-01-20,128125.SZ,0.6543418898678061
2026-01-20,128127.SZ,0.5787831625145423
2026-01-20,128128.SZ,0.3510453372731298
2026-01-20,128129.SZ,0.11846409109544455
2026-01-20,128134.SZ,-0.3141715771401006
2026-01-20,128135.SZ,-3.1112060032153366
2026-01-20,128136.SZ,0.302787829063223
2026-01-20,128137.SZ,0.7135916798215224
2026-01-20,128138.SZ,-0.3509902173407494
2026-01-20,128141.SZ,0.7722946277540292
2026-01-20,128142.SZ,0.388300646225683
2026-01-21,110067.SH,0.9100697517760993
2026-01-21,110070.SH,0.7851486932584028
2026-01-21,110073.SH,0.3683758866077366
2026-01-21,110074.SH,0.7472727217097599
2026-01-21,110075.SH,0.9894762521838689
2026-01-21,110076.SH,-2.28352743418115
2026-01-21,110077.SH,0.9036244734208497
2026-01-21,110081.SH,0.3591049729550116
2026-01-21,110084.SH,0.27371084071125806
2026-01-21,110085.SH,-1.9538870310532308
2026-01-21,110086.SH,0.20344435257024085
2026-01-21,110087.SH,0.4491296874817848
2026-01-21,110089.SH,1.0517869288707502
2026-01-21,110090.SH,0.42412047358663
2026-01-21,110092.SH,0.5212200270220997
2026-01-21,110093.SH,0.3789217860534887
2026-01-21,110094.SH,0.9803019913244991
2026-01-21,110095.SH,0.48840180392784865
2026-01-21,110097.SH,0.5700519052509639
2026-01-21,110098.SH,0.4324532674603449
2026-01-21,110099.SH,-0.13633746866441396
2026-01-21,111000.SH,0.6635806414617479
2026-01-21,111001.SH,-1.1182435644668398
2026-01-21,111002.SH,0.0031131209674881977
2026-01-21,111003.SH,0.053874445334853506
2026-01-21,111004.SH,0.37082345606623546
2026-01-21,111005.SH,0.5305210963514058
2026-01-21,111009.SH,-0.8944668073943928
2026-01-21,111010.SH,0.7207189418245246
2026-01-21,111012.SH,-1.3269418836180409
2026-01-21,111013.SH,0.10728917741018267
2026-01-21,111014.SH,-1.1217133135914084
2026-01-21,111015.SH,0.38540103757333616
2026-01-21,111016.SH,1.0527559075967992
2026-01-21,111017.SH,0.4583811694506112
2026-01-21,111018.SH,0.26019510937624757
2026-01-21,111019.SH,0.7863068181656533
2026-01-21,111020.SH,0.15510333887979383
2026-01-21,111021.SH,-0.4900787784023751
2026-01-21,111022.SH,-0.11669143098547548
2026-01-21,111023.SH,0.5971900682249269
2026-01-21,111024.SH,-1.2548199535124525
2026-01-21,113033.SH,1.0474929606418328
2026-01-21,113037.SH,0.005106318859916949
2026-01-21,113039.SH,0.4763080667877366
2026-01-21,113042.SH,0.7881709817642392
2026-01-21,113043.SH,0.39004460000959995
2026-01-21,113045.SH,1.086327605181867
2026-01-21,113046.SH,0.38731888685943977
2026-01-21,113048.SH,0.19703802030526654
2026-01-21,113049.SH,-1.5962860433588582
2026-01-21,113051.SH,0.28959602821179203
2026-01-21,113052.SH,0.34732556617518473
2026-01-21,113053.SH,0.26898218618121905
2026-01-21,113054.SH,-0.1928839562227798
2026-01-21,113056.SH,0.6824069178657473
2026-01-21,113058.SH,0.7372728756370285
2026-01-21,113059.SH,-4.023232869503093
2026-01-21,113062.SH,0.9223122695112426
2026-01-21,113066.SH,0.35739015506673727
2026-01-21,113067.SH,0.09472803122793394
2026-01-21,113070.SH,0.3874932387169333
2026-01-21,113574.SH,0.7847635703509359
2026-01-21,113575.SH,-2.475809051268358
2026-01-21,113579.SH,-3.205471889727501
2026-01-21,113584.SH,0.6672020766203791
2026-01-21,113588.SH,0.3166486305350976
2026-01-21,113589.SH,-4.147202780612381
2026-01-21,113597.SH,0.19448090390167805
2026-01-21,113601.SH,0.16570219757287202
2026-01-21,113605.SH,0.6798319461776943
2026-01-21,113610.SH,-0.8406558932169627
2026-01-21,113615.SH,0.48326508478579094
2026-01-21,113616.SH,-0.3007269744035786
2026-01-21,113618.SH,0.11451164396026461
2026-01-21,113623.SH,1.079214635054938
2026-01-21,113624.SH,0.24338959580397754
2026-01-21,113625.SH,-0.5135394603739544
2026-01-21,113627.SH,0.11437009247915128
2026-01-21,113631.SH,0.7895479237817749
2026-01-21,113632.SH,0.5093791618855126
2026-01-21,113633.SH,-0.578870428563922
2026-01-21,113634.SH,-0.7349551976032019
2026-01-21,113636.SH,-0.7278323052108121
2026-01-21,113638.SH,-1.7317683468530451
2026-01-21,113639.SH,1.0436408927282976
2026-01-21,113640.SH,0.6587754848269958
2026-01-21,113643.SH,-0.0930538297441452
2026-01-21,113644.SH,0.4579471302537585
2026-01-21,113646.SH,0.6786091108435247
2026-01-21,113647.SH,-0.5717652074776912
2026-01-21,113648.SH,-0.7938528786066055
2026-01-21,113649.SH,0.5764667697055618
2026-01-21,113650.SH,-2.484783189140775
2026-01-21,113651.SH,0.7799169271424814
2026-01-21,113652.SH,0.0880659729425058
2026-01-21,113653.SH,0.641224483169795
2026-01-21,113654.SH,0.5503545306333365
2026-01-21,113655.SH,0.4447294263849469
2026-01-21,113656.SH,0.24715380133785195
2026-01-21,113658.SH,0.5263386697250368
2026-01-21,113659.SH,0.44401859432865487
2026-01-21,113660.SH,-1.7569572400336115
2026-01-21,113661.SH,0.27851503867301874
2026-01-21,113665.SH,-0.06363199659917257
2026-01-21,113666.SH,-0.2499357123812587
2026-01-21,113667.SH,0.37474006663891624
2026-01-21,113670.SH,-1.999843249810292
2026-01-21,113671.SH,0.06095685776018206
2026-01-21,113672.SH,1.0877525048157974
2026-01-21,113673.SH,0.6620688860547976
2026-01-21,113674.SH,-0.1377895706444747
2026-01-21,113676.SH,0.9850941339733931
2026-01-21,113677.SH,0.1016091362242912
2026-01-21,113678.SH,0.3283854764585483
2026-01-21,113679.SH,-0.4017446722885154
2026-01-21,113680.SH,0.059089674341673344
2026-01-21,113681.SH,0.724901416384543
2026-01-21,113682.SH,-0.9477006483646547
2026-01-21,113686.SH,0.7407104852495606
2026-01-21,113687.SH,0.46770790724926176
2026-01-21,113688.SH,0.16487415797488186
2026-01-21,113691.SH,0.5542098580350425
2026-01-21,113692.SH,0.3344677875946448
2026-01-21,113693.SH,-0.224354961615461
2026-01-21,113694.SH,0.19642981419270295
2026-01-21,113695.SH,0.47145128561239813
2026-01-21,113696.SH,0.11703299638214644
2026-01-21,113697.SH,-0.027133710039633923
2026-01-21,113698.SH,0.3197235972079866
2026-01-21,113699.SH,0.19165310804538155
2026-01-21,118000.SH,0.8519453364075523
2026-01-21,118003.SH,0.4271036482344176
2026-01-21,118004.SH,0.309818755628702
2026-01-21,118005.SH,-2.74492905158717
2026-01-21,118006.SH,0.573017320481586
2026-01-21,118007.SH,0.40471596078013117
2026-01-21,118008.SH,0.7120441975273194
2026-01-21,118009.SH,1.092154922926866
2026-01-21,118010.SH,-4.435592731195609
2026-01-21,118011.SH,0.24271411481424318
2026-01-21,118012.SH,0.501211970454787
2026-01-21,118013.SH,0.42629695128366607
2026-01-21,118015.SH,-1.2110610132516608
2026-01-21,118016.SH,0.7817050200392003
2026-01-21,118018.SH,0.10722417372207002
2026-01-21,118020.SH,-2.5904327874840947
2026-01-21,118021.SH,0.24520779687169836
2026-01-21,118022.SH,-1.2020887927252266
2026-01-21,118024.SH,-0.10617792792395635
2026-01-21,118025.SH,0.05383590668059962
2026-01-21,118027.SH,-2.8458235933423635
2026-01-21,118029.SH,1.0965351717250085
2026-01-21,118030.SH,-0.009772585201773404
2026-01-21,118031.SH,0.2259783679168144
2026-01-21,118032.SH,-2.676350642783045
2026-01-21,118033.SH,-0.4665971745447723
2026-01-21,118034.SH,0.1416662578660273
2026-01-21,118035.SH,0.09403790650825586
2026-01-21,118036.SH,0.25389483031094584
2026-01-21,118037.SH,0.41683161093260535
2026-01-21,118038.SH,0.6120605003640729
2026-01-21,118039.SH,0.8325935154696721
2026-01-21,118040.SH,0.25913505671601633
2026-01-21,118041.SH,0.514190197810349
2026-01-21,118042.SH,-0.8357224901027874
2026-01-21,118043.SH,1.086312601949552
2026-01-21,118044.SH,0.14377184808837004
2026-01-21,118045.SH,0.2850527570714633
2026-01-21,118048.SH,0.4295129132959086
2026-01-21,118049.SH,0.6666332719677617
2026-01-21,118050.SH,0.5464343729705875
2026-01-21,118051.SH,-0.16367025042194733
2026-01-21,118052.SH,0.07874577476911579
2026-01-21,118053.SH,-0.1385367843407901
2026-01-21,118054.SH,0.5406256774484467
2026-01-21,118055.SH,0.4339713658433239
2026-01-21,118056.SH,0.37325604084824204
2026-01-21,118057.SH,0.332221577328511
2026-01-21,118058.SH,-0.28684078785786965
2026-01-21,118059.SH,0.0906086133839242
2026-01-21,118060.SH,-0.4211248459801161
2026-01-21,118061.SH,-1.3390191957397353
2026-01-21,118062.SH,-0.75861431232458
2026-01-21,118063.SH,-0.7325220855510503
2026-01-21,123049.SZ,1.0802984628053558
2026-01-21,123054.SZ,0.3723582384289411
2026-01-21,123059.SZ,0.4853563580160375
2026-01-21,123061.SZ,0.83926504065089
2026-01-21,123064.SZ,0.45549757695980436
2026-01-21,123065.SZ,-2.339560696153575
2026-01-21,123071.SZ,0.20577668412417274
2026-01-21,123072.SZ,-3.501563747223095
2026-01-21,123076.SZ,0.874977167423838
2026-01-21,123080.SZ,0.29593096330573243
2026-01-21,123085.SZ,0.6901077942046473
2026-01-21,123088.SZ,0.6492385100413329
2026-01-21,123090.SZ,-0.5541226759340027
2026-01-21,123091.SZ,0.36649416073758534
2026-01-21,123092.SZ,0.6115427210814223
2026-01-21,123104.SZ,-4.706693777818506
2026-01-21,123107.SZ,0.2592021638254137
2026-01-21,123108.SZ,-0.7967846563518207
2026-01-21,123109.SZ,-1.4030134220336243
2026-01-21,123112.SZ,0.37695886734384254
2026-01-21,123113.SZ,-0.36442796659622567
2026-01-21,123114.SZ,0.11081506732680532
2026-01-21,123117.SZ,-2.1008499469226525
2026-01-21,123118.SZ,0.8107556157968655
2026-01-21,123119.SZ,0.3685849559417789
2026-01-21,123121.SZ,0.24052133972355869
2026-01-21,123122.SZ,-2.140008575000128
2026-01-21,123124.SZ,0.1581915427304761
2026-01-21,123126.SZ,0.10532371653163987
2026-01-21,123128.SZ,1.0491555632439784
2026-01-21,123129.SZ,0.04358759653532425
2026-01-21,123131.SZ,0.15428927031346873
2026-01-21,123133.SZ,0.34896477715634044
2026-01-21,123138.SZ,-0.739296763946142
2026-01-21,123142.SZ,-0.9530010075331101
2026-01-21,123144.SZ,-0.5816897977205984
2026-01-21,123146.SZ,0.9196726353299203
2026-01-21,123149.SZ,0.4553297372858364
2026-01-21,123150.SZ,0.0062864121883956375
2026-01-21,123151.SZ,-1.6541073263275272
2026-01-21,123154.SZ,-4.717795142657323
2026-01-21,123155.SZ,-0.06707288966670007
2026-01-21,123157.SZ,0.23839889197755007
2026-01-21,123158.SZ,0.18955686601060917
2026-01-21,123159.SZ,1.0728186324914462
2026-01-21,123160.SZ,0.8710851947470359
2026-01-21,123165.SZ,-0.40809065608868156
2026-01-21,123168.SZ,-0.10110925605069553
2026-01-21,123171.SZ,-0.4016225133825873
2026-01-21,123172.SZ,0.5708105990563513
2026-01-21,123173.SZ,0.47174818292567966
2026-01-21,123175.SZ,-0.5712785371336112
2026-01-21,123176.SZ,0.5280543588440808
2026-01-21,123178.SZ,0.6901871962951593
2026-01-21,123179.SZ,-2.6932266188201823
2026-01-21,123180.SZ,-0.32667362668336575
2026-01-21,123182.SZ,1.061747756952732
2026-01-21,123183.SZ,0.07308795372690081
2026-01-21,123187.SZ,0.8571566348551075
2026-01-21,123188.SZ,0.4216817314394756
2026-01-21,123189.SZ,0.3495794063779464
2026-01-21,123192.SZ,-0.39562716422902255
2026-01-21,123193.SZ,-0.17760695086798467
2026-01-21,123194.SZ,0.21807871047695246
2026-01-21,123195.SZ,0.11401281695689108
2026-01-21,123196.SZ,-0.195614161034964
2026-01-21,123197.SZ,-0.15507808763663256
2026-01-21,123198.SZ,0.7623459611202348
2026-01-21,123199.SZ,0.5061910783038271
2026-01-21,123207.SZ,1.0896267105139679
2026-01-21,123209.SZ,0.7159027844171962
2026-01-21,123210.SZ,0.5129635038173892
2026-01-21,123211.SZ,0.3790587438010855
2026-01-21,123213.SZ,1.0084276114464201
2026-01-21,123214.SZ,0.025036435313029425
2026-01-21,123215.SZ,0.28600699620026965
2026-01-21,123216.SZ,-0.097723486680173
2026-01-21,123220.SZ,0.43216541419804644
2026-01-21,123221.SZ,0.717970186689957
2026-01-21,123222.SZ,0.4675047590092057
2026-01-21,123223.SZ,0.2217206622459037
2026-01-21,123224.SZ,0.4239829519460149
2026-01-21,123225.SZ,0.4876551120484458
2026-01-21,123229.SZ,-0.008359968915562567
2026-01-21,123235.SZ,0.30348099103388126
2026-01-21,123236.SZ,0.45101781147987363
2026-01-21,123237.SZ,0.33740428844457304
2026-01-21,123239.SZ,0.687740662821128
2026-01-21,123241.SZ,-0.015254954957783326
2026-01-21,123242.SZ,1.108870105536522
2026-01-21,123243.SZ,1.0630346316427264
2026-01-21,123245.SZ,-1.4955517106635488
2026-01-21,123246.SZ,0.9965717504955298
2026-01-21,123247.SZ,0.7505895624922013
2026-01-21,123250.SZ,-1.235493537408844
2026-01-21,123251.SZ,0.5132106497145699
2026-01-21,123252.SZ,0.4547353743523624
2026-01-21,123253.SZ,0.29646565209996223
2026-01-21,123254.SZ,0.3381451458418453
2026-01-21,123255.SZ,-0.5847459457339312
2026-01-21,123256.SZ,0.4856009666868526
2026-01-21,123257.SZ,-0.41068686238349394
2026-01-21,123258.SZ,-0.8690119303923648
2026-01-21,123259.SZ,0.29469104851809214
2026-01-21,123260.SZ,-0.3419309073413629
2026-01-21,123261.SZ,-0.7585507283384261
2026-01-21,123262.SZ,-0.46209074041413806
2026-01-21,123263.SZ,-0.3732320358799696
2026-01-21,123264.SZ,-0.6193701041116982
2026-01-21,127016.SZ,0.46869078673368586
2026-01-21,127017.SZ,-0.7956142245268643
2026-01-21,127018.SZ,0.48733096806582715
2026-01-21,127022.SZ,0.8741710193053768
2026-01-21,127024.SZ,0.2776784526870809
2026-01-21,127025.SZ,-3.4940899086153823
2026-01-21,127026.SZ,0.6248512352493435
2026-01-21,127027.SZ,0.039812342295224186
2026-01-21,127030.SZ,-0.13841328329267408
2026-01-21,127031.SZ,0.10249316262408187
2026-01-21,127034.SZ,-0.18904078000123964
2026-01-21,127037.SZ,-0.10116701359407088
2026-01-21,127038.SZ,0.08945136580563065
2026-01-21,127039.SZ,1.085857663681487
2026-01-21,127040.SZ,0.7296727558295237
2026-01-21,127041.SZ,0.5926539871320335
2026-01-21,127042.SZ,0.9326756923159594
2026-01-21,127044.SZ,-0.27461777911810115
2026-01-21,127045.SZ,0.3713918293160067
2026-01-21,127046.SZ,-2.7356903918696043
2026-01-21,127047.SZ,1.0014473695951491
2026-01-21,127049.SZ,0.08224177088472914
2026-01-21,127050.SZ,0.41970565808467375
2026-01-21,127053.SZ,0.8162892440709512
2026-01-21,127054.SZ,0.23729413722328674
2026-01-21,127055.SZ,0.7480685161599141
2026-01-21,127056.SZ,-0.7252179799964623
2026-01-21,127059.SZ,0.05153449233064023
2026-01-21,127060.SZ,-0.8079702251773636
2026-01-21,127061.SZ,0.3938531284066776
2026-01-21,127062.SZ,0.10487548623797574
2026-01-21,127064.SZ,0.36281913575873526
2026-01-21,127066.SZ,0.32556801206152364
2026-01-21,127067.SZ,0.5260997923824069
2026-01-21,127068.SZ,-0.7555910411789275
2026-01-21,127069.SZ,-0.19672118867177335
2026-01-21,127070.SZ,0.44486045301604543
2026-01-21,127071.SZ,1.0232022961205507
2026-01-21,127072.SZ,0.36940105786549204
2026-01-21,127075.SZ,0.23006267511462172
2026-01-21,127076.SZ,0.5106418854341361
2026-01-21,127078.SZ,0.7200221782943812
2026-01-21,127079.SZ,0.6433234257839725
2026-01-21,127080.SZ,-1.1176020712670305
2026-01-21,127082.SZ,0.44931387739363815
2026-01-21,127083.SZ,-0.22209321236052026
2026-01-21,127084.SZ,0.4627811908792012
2026-01-21,127085.SZ,-1.4495555817230241
2026-01-21,127088.SZ,0.17825323047496952
2026-01-21,127089.SZ,0.2765818745858776
2026-01-21,127090.SZ,-0.24234357352640726
2026-01-21,127092.SZ,0.4824139988708583
2026-01-21,127093.SZ,0.08463986740587048
2026-01-21,127094.SZ,0.4341594574842349
2026-01-21,127095.SZ,0.529071654688896
2026-01-21,127096.SZ,0.3631066178220288
2026-01-21,127098.SZ,-1.791921290304552
2026-01-21,127099.SZ,0.34197367833344194
2026-01-21,127102.SZ,0.25130024455949007
2026-01-21,127103.SZ,0.4224806394680299
2026-01-21,127104.SZ,0.1921818671374586
2026-01-21,127105.SZ,0.5187881612448366
2026-01-21,127108.SZ,0.09082927593971768
2026-01-21,127109.SZ,0.4693850577140518
2026-01-21,127110.SZ,0.21761473772424797
2026-01-21,127111.SZ,0.2942112748439766
2026-01-21,128097.SZ,0.06387469884360623
2026-01-21,128101.SZ,0.5061390223603945
2026-01-21,128108.SZ,0.14552120883619404
2026-01-21,128119.SZ,-2.7359161114254267
2026-01-21,128121.SZ,-0.25880854248531016
2026-01-21,128124.SZ,-5.1889553560777895
2026-01-21,128125.SZ,0.6585816411481363
2026-01-21,128127.SZ,0.6482827130689155
2026-01-21,128128.SZ,0.41147608013349535
2026-01-21,128129.SZ,0.14679499939989854
2026-01-21,128134.SZ,-1.0067752524686193
2026-01-21,128135.SZ,-3.0925879053228935
2026-01-21,128136.SZ,0.2758087527519698
2026-01-21,128137.SZ,0.7946415930532863
2026-01-21,128138.SZ,-0.24407996998206527
2026-01-21,128141.SZ,0.7648162457176279
2026-01-21,128142.SZ,0.40433631509645684
2026-01-22,110067.SH,0.9371804549236781
2026-01-22,110070.SH,0.8199318309651099
2026-01-22,110073.SH,0.39355708947143164
2026-01-22,110074.SH,0.7250512612224317
2026-01-22,110075.SH,0.9701314369302377
2026-01-22,110076.SH,-2.270202241919802
2026-01-22,110077.SH,0.8869747812902713
2026-01-22,110081.SH,0.43752211790457035
2026-01-22,110084.SH,0.28967337806050986
2026-01-22,110085.SH,-1.9950374898947731
2026-01-22,110086.SH,0.18458668480832077
2026-01-22,110087.SH,0.33224095343567395
2026-01-22,110089.SH,1.083187135333611
2026-01-22,110090.SH,0.4186494722210837
2026-01-22,110092.SH,0.47270253709498233
2026-01-22,110093.SH,0.3434877061616171
2026-01-22,110094.SH,0.9849872076808954
2026-01-22,110095.SH,-0.08165808918535494
2026-01-22,110097.SH,0.5549846056746606
2026-01-22,110098.SH,0.4102657891119347
2026-01-22,110099.SH,-0.1706043834777604
2026-01-22,111000.SH,0.1632222389320525
2026-01-22,111001.SH,-1.0430134751925513
2026-01-22,111002.SH,0.23978920386337954
2026-01-22,111003.SH,0.008031238586696347
2026-01-22,111004.SH,0.33649698789966725
2026-01-22,111005.SH,0.43573802529606154
2026-01-22,111009.SH,-0.8236663956329325
2026-01-22,111010.SH,0.6762212053324644
2026-01-22,111012.SH,-0.7919117438438144
2026-01-22,111013.SH,0.25567193734962573
2026-01-22,111014.SH,-1.1397827840994188
2026-01-22,111015.SH,0.49179113283491005
2026-01-22,111016.SH,1.1093701254571062
2026-01-22,111017.SH,0.43747747700477024
2026-01-22,111018.SH,0.23927731087091947
2026-01-22,111019.SH,0.7472912484490919
2026-01-22,111020.SH,0.38148446572514044
2026-01-22,111021.SH,-1.1784772611696277
2026-01-22,111022.SH,-0.08465917701566024
2026-01-22,111023.SH,0.557984839234083
2026-01-22,111024.SH,-1.2399058028355003
2026-01-22,113033.SH,0.9931488822918113
2026-01-22,113037.SH,-0.0040727988231815575
2026-01-22,113039.SH,0.34056598561313
2026-01-22,113042.SH,0.767873216233737
2026-01-22,113043.SH,0.3884582171405697
2026-01-22,113045.SH,1.1119885999036876
2026-01-22,113046.SH,0.4051720442253258
2026-01-22,113048.SH,0.3311377328981306
2026-01-22,113049.SH,-1.623658085623377
2026-01-22,113051.SH,0.3858918422202679
2026-01-22,113052.SH,0.2840215272090891
2026-01-22,113053.SH,0.24574651929132885
2026-01-22,113054.SH,-0.1829851565346727
2026-01-22,113056.SH,0.6306953109548862
2026-01-22,113058.SH,0.7676157309375459
2026-01-22,113059.SH,-4.049145892123332
2026-01-22,113062.SH,0.894243874978473
2026-01-22,113066.SH,0.33934362132608725
2026-01-22,113067.SH,0.08404044284163358
2026-01-22,113070.SH,0.39948995888444827
2026-01-22,113574.SH,0.7678223640138375
2026-01-22,113575.SH,-2.646593446584413
2026-01-22,113579.SH,-3.1472131869012325
2026-01-22,113584.SH,0.44142752868701957
2026-01-22,113588.SH,0.12873131613247657
2026-01-22,113589.SH,-5.120195938536285
2026-01-22,113597.SH,0.23020577269472212
2026-01-22,113601.SH,0.17173222972589441
2026-01-22,113605.SH,0.6709611180865641
2026-01-22,113610.SH,-0.8126825532078931
2026-01-22,113615.SH,0.5026045195671389
2026-01-22,113616.SH,-0.28987152051740855
2026-01-22,113618.SH,-0.5756750310920178
2026-01-22,113623.SH,1.0780660441554366
2026-01-22,113624.SH,0.2454877300920633
2026-01-22,113625.SH,-0.4983377422875333
2026-01-22,113627.SH,0.2715789710059185
2026-01-22,113631.SH,0.4784714877681714
2026-01-22,113632.SH,0.455560087628734
2026-01-22,113633.SH,-0.042206510080990745
2026-01-22,113634.SH,-0.682041943797261
2026-01-22,113636.SH,-0.6941655160459257
2026-01-22,113638.SH,-1.722551144443088
2026-01-22,113639.SH,1.0816675429834348
2026-01-22,113640.SH,0.6622034412340271
2026-01-22,113643.SH,0.10419387344934217
2026-01-22,113644.SH,0.45585829044861215
2026-01-22,113646.SH,0.6650902589333098
2026-01-22,113647.SH,-0.5839160304245112
2026-01-22,113648.SH,0.23309636415347051
2026-01-22,113649.SH,0.5637834858643471
2026-01-22,113650.SH,-2.3558622018038915
2026-01-22,113651.SH,0.790460515824747
2026-01-22,113652.SH,0.12613112159418607
2026-01-22,113653.SH,0.6951651626604537
2026-01-22,113654.SH,0.36819625419904495
2026-01-22,113655.SH,0.42758023627990854
2026-01-22,113656.SH,0.24294587773159657
2026-01-22,113658.SH,0.5394979354946464
2026-01-22,113659.SH,0.524512130046483
2026-01-22,113660.SH,-1.7339204206169052
2026-01-22,113661.SH,0.28275382522554854
2026-01-22,113665.SH,-0.06797637727722318
2026-01-22,113666.SH,-0.24923742003554827
2026-01-22,113667.SH,0.41997540310245407
2026-01-22,113670.SH,-1.975958827525539
2026-01-22,113671.SH,0.055866890577507045
2026-01-22,113672.SH,1.0880919208454154
2026-01-22,113673.SH,0.5858785264837968
2026-01-22,113674.SH,-0.1423781772367588
2026-01-22,113676.SH,0.9734180787267732
2026-01-22,113677.SH,0.21348904776902305
2026-01-22,113678.SH,0.15990605593785448
2026-01-22,113679.SH,-0.45292576162399595
2026-01-22,113680.SH,0.0917656892399002
2026-01-22,113681.SH,0.7126081615985655
2026-01-22,113682.SH,0.23829815945433502
2026-01-22,113686.SH,0.773937906505826
2026-01-22,113687.SH,0.08114743933532169
2026-01-22,113688.SH,0.17231332965740628
2026-01-22,113691.SH,0.5861120436707485
2026-01-22,113692.SH,0.10295519274075739
2026-01-22,113693.SH,-0.23227356991626708
2026-01-22,113694.SH,0.22039383093825135
2026-01-22,113695.SH,0.47418313088957126
2026-01-22,113696.SH,0.18276930470329156
2026-01-22,113697.SH,-0.05319371992804354
2026-01-22,113698.SH,0.332464157934674
2026-01-22,113699.SH,-0.3456696818513603
2026-01-22,118000.SH,1.0280151319632909
2026-01-22,118003.SH,0.47636337536652784
2026-01-22,118004.SH,0.22807953351237217
2026-01-22,118005.SH,-2.615419684468193
2026-01-22,118006.SH,0.6064380434282346
2026-01-22,118007.SH,0.31308507680678455
2026-01-22,118008.SH,0.6625105696763581
2026-01-22,118009.SH,1.0937886022552652
2026-01-22,118010.SH,-4.352983472753321
2026-01-22,118011.SH,0.24495654368690167
2026-01-22,118012.SH,0.3391878882351966
2026-01-22,118013.SH,0.3103882965440816
2026-01-22,118015.SH,-1.0802372290371132
2026-01-22,118016.SH,0.7839638306104617
2026-01-22,118018.SH,-0.039360965088057684
2026-01-22,118020.SH,-2.362936373836142
2026-01-22,118021.SH,0.45329922656756394
2026-01-22,118022.SH,-1.2575655578792264
2026-01-22,118024.SH,-0.06577429835060342
2026-01-22,118025.SH,0.039786304400790576
2026-01-22,118027.SH,-3.231444828170279
2026-01-22,118029.SH,1.0932714505886492
2026-01-22,118030.SH,0.19468192302286913
2026-01-22,118031.SH,0.24241020033619837
2026-01-22,118032.SH,-2.4812005012163425
2026-01-22,118033.SH,-0.4321749739522155
2026-01-22,118034.SH,0.26543724418650794
2026-01-22,118035.SH,0.2421091055172362
2026-01-22,118036.SH,0.21136807161362794
2026-01-22,118037.SH,0.4228831743815126
2026-01-22,118038.SH,0.5678207965144504
2026-01-22,118039.SH,0.7931147646302227
2026-01-22,118040.SH,0.31516871340992125
2026-01-22,118041.SH,0.529929017563906
2026-01-22,118042.SH,-0.8204336405943603
2026-01-22,118043.SH,1.0932960587957616
2026-01-22,118044.SH,0.25387986364453835
2026-01-22,118045.SH,0.19283799682876596
2026-01-22,118048.SH,0.557699426704772
2026-01-22,118049.SH,0.5908932902930901
2026-01-22,118050.SH,0.5641918208925762
2026-01-22,118051.SH,-0.14095320266911948
2026-01-22,118052.SH,-0.05314871661254722
2026-01-22,118053.SH,-0.22498814187864305
2026-01-22,118054.SH,0.37794331955683336
2026-01-22,118055.SH,0.5913854307280071
2026-01-22,118056.SH,0.1104251496668002
2026-01-22,118057.SH,0.2444188377663682
2026-01-22,118058.SH,-0.32431540042211326
2026-01-22,118059.SH,-0.2112544864064425
2026-01-22,118060.SH,-0.36624719265822414
2026-01-22,118061.SH,-1.0359567754614971
2026-01-22,118062.SH,-0.8256206618534397
2026-01-22,118063.SH,-0.7235483317285331
2026-01-22,123049.SZ,1.0844154831516348
2026-01-22,123054.SZ,0.45339498046787846
2026-01-22,123059.SZ,0.33411971330946294
2026-01-22,123061.SZ,0.8392553426243782
2026-01-22,123064.SZ,0.4522830356334013
2026-01-22,123065.SZ,-2.2994530314892994
2026-01-22,123071.SZ,0.1982883353868783
2026-01-22,123072.SZ,-3.4679425710788117
2026-01-22,123076.SZ,0.967821892682963
2026-01-22,123080.SZ,0.2925785689394766
2026-01-22,123085.SZ,0.7409594239980617
2026-01-22,123088.SZ,0.777758579586958
2026-01-22,123090.SZ,-1.8741722418325442
2026-01-22,123091.SZ,0.43539820204042573
2026-01-22,123092.SZ,0.6542962410885671
2026-01-22,123104.SZ,-4.978846082074962
2026-01-22,123107.SZ,0.230127159193003
2026-01-22,123108.SZ,-0.39404245803131027
2026-01-22,123109.SZ,-1.3455065895089129
2026-01-22,123112.SZ,0.3893158492453721
2026-01-22,123113.SZ,-0.3903050104291574
2026-01-22,123114.SZ,0.08816158260575324
2026-01-22,123117.SZ,-2.05304384664613
2026-01-22,123118.SZ,0.8169939950946273
2026-01-22,123119.SZ,0.353709592384369
2026-01-22,123121.SZ,0.209651068337995
2026-01-22,123122.SZ,-2.0045548206784263
2026-01-22,123124.SZ,0.2921571948805038
2026-01-22,123126.SZ,0.10394063526969398
2026-01-22,123128.SZ,1.0744160638404012
2026-01-22,123129.SZ,0.16597861291228402
2026-01-22,123131.SZ,-0.016180905159582957
2026-01-22,123133.SZ,0.37041834279882374
2026-01-22,123138.SZ,-0.7570624813265688
2026-01-22,123142.SZ,-0.9315288614571269
2026-01-22,123144.SZ,-0.5385001380517509
2026-01-22,123146.SZ,0.9280561442339624
2026-01-22,123149.SZ,0.43301133121337176
2026-01-22,123150.SZ,0.18226155046866696
2026-01-22,123151.SZ,-1.6194377543962921
2026-01-22,123154.SZ,-4.929988486679048
2026-01-22,123155.SZ,0.00784146142105674
2026-01-22,123157.SZ,0.33253118876623267
2026-01-22,123158.SZ,0.014580675771159984
2026-01-22,123159.SZ,0.4876593321652393
2026-01-22,123160.SZ,0.43301525780875894
2026-01-22,123165.SZ,-0.35857559594463484
2026-01-22,123168.SZ,-0.05174707502804491
2026-01-22,123171.SZ,-0.44357687141021995
2026-01-22,123172.SZ,0.5111801241358395
2026-01-22,123173.SZ,0.3591120427716264
2026-01-22,123175.SZ,-0.5855078115903493
2026-01-22,123176.SZ,0.645719095543506
2026-01-22,123178.SZ,0.7654538596402735
2026-01-22,123179.SZ,-2.630405395087042
2026-01-22,123180.SZ,-0.013113825667439195
2026-01-22,123182.SZ,1.0554185279497204
2026-01-22,123183.SZ,0.07355573451345548
2026-01-22,123187.SZ,0.2953686815243981
2026-01-22,123188.SZ,0.20829529618845566
2026-01-22,123189.SZ,0.2938003498274713
2026-01-22,123192.SZ,-0.4017781721170074
2026-01-22,123193.SZ,-0.21326121694519598
2026-01-22,123194.SZ,0.279306779087072
2026-01-22,123195.SZ,-0.24598484477151408
2026-01-22,123196.SZ,0.23025339884367554
2026-01-22,123197.SZ,-0.06490762953807576
2026-01-22,123198.SZ,0.7758734913513771
2026-01-22,123199.SZ,0.480092490744512
2026-01-22,123207.SZ,1.0719418959031575
2026-01-22,123209.SZ,0.6894613690520164
2026-01-22,123210.SZ,0.38645646092530805
2026-01-22,123211.SZ,0.3079572409086136
2026-01-22,123213.SZ,0.9879611261055447
2026-01-22,123214.SZ,0.1167976174366875
2026-01-22,123215.SZ,0.30172137134551935
2026-01-22,123216.SZ,-0.082719490802257
2026-01-22,123220.SZ,0.36927453570351026
2026-01-22,123221.SZ,0.7268475655123137
2026-01-22,123222.SZ,0.3481991877143593
2026-01-22,123223.SZ,0.20255667395442772
2026-01-22,123224.SZ,0.3738011570029236
2026-01-22,123225.SZ,0.5171302368886858
2026-01-22,123229.SZ,0.10832170218485322
2026-01-22,123235.SZ,0.20411816343667588
2026-01-22,123236.SZ,0.43616871707370686
2026-01-22,123237.SZ,0.3794697399333362
2026-01-22,123239.SZ,0.6868716041803995
2026-01-22,123241.SZ,0.20835057453546205
2026-01-22,123242.SZ,1.0893899207949378
2026-01-22,123243.SZ,1.0333979283421517
2026-01-22,123245.SZ,-1.1198739182895288
2026-01-22,123246.SZ,0.4884019018229665
2026-01-22,123247.SZ,0.1910443844245668
2026-01-22,123250.SZ,-1.243777233307218
2026-01-22,123251.SZ,0.558218403835692
2026-01-22,123252.SZ,0.4613889968507615
2026-01-22,123253.SZ,0.07046757047216456
2026-01-22,123254.SZ,0.4288787103760036
2026-01-22,123255.SZ,-0.10178341790993523
2026-01-22,123256.SZ,0.6939730633478969
2026-01-22,123257.SZ,-0.4176151417847779
2026-01-22,123258.SZ,-0.7826822801512591
2026-01-22,123259.SZ,0.2492178845489195
2026-01-22,123260.SZ,-0.3027728590962586
2026-01-22,123261.SZ,-0.3467901409522189
2026-01-22,123262.SZ,-0.5314577101325287
2026-01-22,123263.SZ,-0.5612605959710345
2026-01-22,123264.SZ,-0.6611260345816105
2026-01-22,127016.SZ,0.4562212259425253
2026-01-22,127017.SZ,-0.7875188359712819
2026-01-22,127018.SZ,0.5917356116791204
2026-01-22,127022.SZ,0.842467899018962
2026-01-22,127024.SZ,0.3412386669905345
2026-01-22,127025.SZ,-3.5153663082347717
2026-01-22,127026.SZ,0.659876045368298
2026-01-22,127027.SZ,0.041408525776582515
2026-01-22,127030.SZ,-0.15101750710480202
2026-01-22,127031.SZ,0.09884389151801684
2026-01-22,127034.SZ,-0.1806435125644402
2026-01-22,127037.SZ,-0.12634005475293555
2026-01-22,127038.SZ,-0.3385378298885662
2026-01-22,127039.SZ,1.0790991147075801
2026-01-22,127040.SZ,0.7185541966908885
2026-01-22,127041.SZ,0.6086372774754193
2026-01-22,127042.SZ,1.1109724800915108
2026-01-22,127044.SZ,-0.2672234353358054
2026-01-22,127045.SZ,0.35786791187360883
2026-01-22,127046.SZ,-2.7186720705827154
2026-01-22,127047.SZ,1.0913294173497121
2026-01-22,127049.SZ,0.05010005918225711
2026-01-22,127050.SZ,0.33346792622863747
2026-01-22,127053.SZ,0.8384366574449867
2026-01-22,127054.SZ,0.230417242066053
2026-01-22,127055.SZ,0.7521689601916068
2026-01-22,127056.SZ,0.26328108587203014
2026-01-22,127059.SZ,0.03374299813912113
2026-01-22,127060.SZ,-0.8101721604725111
2026-01-22,127061.SZ,0.4060369039789092
2026-01-22,127062.SZ,-0.636959684660234
2026-01-22,127064.SZ,0.36975381815281216
2026-01-22,127066.SZ,0.17296483075533753
2026-01-22,127067.SZ,0.47034913428975217
2026-01-22,127068.SZ,-0.7153343824580003
2026-01-22,127069.SZ,-0.15254186462803182
2026-01-22,127070.SZ,0.28162164322447675
2026-01-22,127071.SZ,0.994479337574221
2026-01-22,127072.SZ,0.40585715285565
2026-01-22,127075.SZ,0.23289148112528255
2026-01-22,127076.SZ,0.47257188600693256
2026-01-22,127078.SZ,0.8252237808606816
2026-01-22,127079.SZ,0.6193956394979105
2026-01-22,127080.SZ,-1.2243344776759644
2026-01-22,127082.SZ,0.2970982423954173
2026-01-22,127083.SZ,-0.21256801465621417
2026-01-22,127084.SZ,0.4227613424197111
2026-01-22,127085.SZ,-1.4318431802592757
2026-01-22,127088.SZ,0.14257732219295033
2026-01-22,127089.SZ,0.2578199979546096
2026-01-22,127090.SZ,0.2546752140337079
2026-01-22,127092.SZ,0.3798680994712317
2026-01-22,127093.SZ,0.10827860226141378
2026-01-22,127094.SZ,0.5162697556889292
2026-01-22,127095.SZ,0.5178490430925821
2026-01-22,127096.SZ,0.39805873272484743
2026-01-22,127098.SZ,-1.817315500860849
2026-01-22,127099.SZ,0.34987361100278225
2026-01-22,127102.SZ,-0.2616592778929667
2026-01-22,127103.SZ,0.37491125266576814
2026-01-22,127104.SZ,0.023707231518241917
2026-01-22,127105.SZ,0.5171552007057274
2026-01-22,127108.SZ,0.3747098868621576
2026-01-22,127109.SZ,0.4242873120412874
2026-01-22,127110.SZ,0.21256628741696987
2026-01-22,127111.SZ,0.31487069221429625
2026-01-22,128097.SZ,0.36406076396424186
2026-01-22,128101.SZ,0.5127858689182373
2026-01-22,128108.SZ,0.22160560506120536
2026-01-22,128119.SZ,-2.7895951045545417
2026-01-22,128121.SZ,-0.2046170744894418
2026-01-22,128124.SZ,-5.074608881047661
2026-01-22,128125.SZ,0.6388193857426036
2026-01-22,128127.SZ,0.5719517036979633
2026-01-22,128128.SZ,0.4738314326694262
2026-01-22,128129.SZ,0.13825429081826401
2026-01-22,128134.SZ,-1.0048356910294804
2026-01-22,128135.SZ,-3.1735805489194404
2026-01-22,128136.SZ,0.27267742821827107
2026-01-22,128137.SZ,0.7590387513437852
2026-01-22,128138.SZ,-0.23184766775752697
2026-01-22,128141.SZ,0.7746867973097468
2026-01-22,128142.SZ,0.37366299069169984
